checkpoint_N,k,a,b,branch,pure_even,pure_odd,empty
1000000,1,0,0,1,0,0,0
1000000,2,1,0,4,0,0,0
1000000,3,0,1,9,0,0,0
1000000,4,2,0,16,0,0,0
1000000,6,1,1,36,0,0,0
1000000,8,3,0,64,0,0,0
1000000,9,0,2,81,0,0,0
1000000,12,2,1,144,0,0,0
1000000,16,4,0,256,0,0,0
1000000,18,1,2,324,0,0,0
1000000,24,3,1,576,0,0,0
1000000,27,0,3,729,0,0,0
1000000,36,2,2,1296,0,0,0
1000000,48,4,1,2304,0,0,0
1000000,54,1,3,2906,10,0,0
1000000,72,3,2,3928,447,53,756
1000000,81,0,4,4057,675,55,1774
1000000,108,2,3,4056,745,56,6807
1000000,144,4,2,4056,745,56,15879
1000000,162,1,4,4056,745,56,21387
1000000,216,3,3,4056,745,56,41799
1000000,324,2,4,4056,745,56,100119
1000000,432,4,3,4056,745,56,181767
1000000,648,3,4,4056,745,56,415047
1000000,729,0,6,4056,745,56,526584
1000000,1296,4,4,4056,745,56,1674759
1000000,19683,0,9,4056,745,56,387415632
1258925,1,0,0,1,0,0,0
1258925,2,1,0,4,0,0,0
1258925,3,0,1,9,0,0,0
1258925,4,2,0,16,0,0,0
1258925,6,1,1,36,0,0,0
1258925,8,3,0,64,0,0,0
1258925,9,0,2,81,0,0,0
1258925,12,2,1,144,0,0,0
1258925,16,4,0,256,0,0,0
1258925,18,1,2,324,0,0,0
1258925,24,3,1,576,0,0,0
1258925,27,0,3,729,0,0,0
1258925,36,2,2,1296,0,0,0
1258925,48,4,1,2304,0,0,0
1258925,54,1,3,2915,1,0,0
1258925,72,3,2,4153,432,53,546
1258925,81,0,4,4315,689,70,1487
1258925,108,2,3,4311,796,74,6483
1258925,144,4,2,4311,796,74,15555
1258925,162,1,4,4311,796,74,21063
1258925,216,3,3,4311,796,74,41475
1258925,324,2,4,4311,796,74,99795
1258925,432,4,3,4311,796,74,181443
1258925,648,3,4,4311,796,74,414723
1258925,729,0,6,4311,796,74,526260
1258925,1296,4,4,4311,796,74,1674435
1258925,19683,0,9,4311,796,74,387415308
1584893,1,0,0,1,0,0,0
1584893,2,1,0,4,0,0,0
1584893,3,0,1,9,0,0,0
1584893,4,2,0,16,0,0,0
1584893,6,1,1,36,0,0,0
1584893,8,3,0,64,0,0,0
1584893,9,0,2,81,0,0,0
1584893,12,2,1,144,0,0,0
1584893,16,4,0,256,0,0,0
1584893,18,1,2,324,0,0,0
1584893,24,3,1,576,0,0,0
1584893,27,0,3,729,0,0,0
1584893,36,2,2,1296,0,0,0
1584893,48,4,1,2304,0,0,0
1584893,54,1,3,2916,0,0,0
1584893,72,3,2,4336,387,39,422
1584893,81,0,4,4550,660,76,1275
1584893,108,2,3,4551,824,77,6212
1584893,144,4,2,4551,824,77,15284
1584893,162,1,4,4551,824,77,20792
1584893,216,3,3,4551,824,77,41204
1584893,324,2,4,4551,824,77,99524
1584893,432,4,3,4551,824,77,181172
1584893,648,3,4,4551,824,77,414452
1584893,729,0,6,4551,824,77,525989
1584893,1296,4,4,4551,824,77,1674164
1584893,19683,0,9,4551,824,77,387415037
1995262,1,0,0,1,0,0,0
1995262,2,1,0,4,0,0,0
1995262,3,0,1,9,0,0,0
1995262,4,2,0,16,0,0,0
1995262,6,1,1,36,0,0,0
1995262,8,3,0,64,0,0,0
1995262,9,0,2,81,0,0,0
1995262,12,2,1,144,0,0,0
1995262,16,4,0,256,0,0,0
1995262,18,1,2,324,0,0,0
1995262,24,3,1,576,0,0,0
1995262,27,0,3,729,0,0,0
1995262,36,2,2,1296,0,0,0
1995262,48,4,1,2304,0,0,0
1995262,54,1,3,2916,0,0,0
1995262,72,3,2,4486,375,41,282
1995262,81,0,4,4786,622,75,1078
1995262,108,2,3,4791,861,84,5928
1995262,144,4,2,4791,861,84,15000
1995262,162,1,4,4791,861,84,20508
1995262,216,3,3,4791,861,84,40920
1995262,324,2,4,4791,861,84,99240
1995262,432,4,3,4791,861,84,180888
1995262,648,3,4,4791,861,84,414168
1995262,729,0,6,4791,861,84,525705
1995262,1296,4,4,4791,861,84,1673880
1995262,19683,0,9,4791,861,84,387414753
2511886,1,0,0,1,0,0,0
2511886,2,1,0,4,0,0,0
2511886,3,0,1,9,0,0,0
2511886,4,2,0,16,0,0,0
2511886,6,1,1,36,0,0,0
2511886,8,3,0,64,0,0,0
2511886,9,0,2,81,0,0,0
2511886,12,2,1,144,0,0,0
2511886,16,4,0,256,0,0,0
2511886,18,1,2,324,0,0,0
2511886,24,3,1,576,0,0,0
2511886,27,0,3,729,0,0,0
2511886,36,2,2,1296,0,0,0
2511886,48,4,1,2304,0,0,0
2511886,54,1,3,2916,0,0,0
2511886,72,3,2,4586,334,30,234
2511886,81,0,4,4947,552,55,1007
2511886,108,2,3,4972,832,64,5796
2511886,144,4,2,4972,832,64,14868
2511886,162,1,4,4972,832,64,20376
2511886,216,3,3,4972,832,64,40788
2511886,324,2,4,4972,832,64,99108
2511886,432,4,3,4972,832,64,180756
2511886,648,3,4,4972,832,64,414036
2511886,729,0,6,4972,832,64,525573
2511886,1296,4,4,4972,832,64,1673748
2511886,19683,0,9,4972,832,64,387414621
3162278,1,0,0,1,0,0,0
3162278,2,1,0,4,0,0,0
3162278,3,0,1,9,0,0,0
3162278,4,2,0,16,0,0,0
3162278,6,1,1,36,0,0,0
3162278,8,3,0,64,0,0,0
3162278,9,0,2,81,0,0,0
3162278,12,2,1,144,0,0,0
3162278,16,4,0,256,0,0,0
3162278,18,1,2,324,0,0,0
3162278,24,3,1,576,0,0,0
3162278,27,0,3,729,0,0,0
3162278,36,2,2,1296,0,0,0
3162278,48,4,1,2304,0,0,0
3162278,54,1,3,2916,0,0,0
3162278,72,3,2,4727,260,12,185
3162278,81,0,4,5169,459,33,900
3162278,108,2,3,5236,807,44,5577
3162278,144,4,2,5236,807,44,14649
3162278,162,1,4,5236,807,44,20157
3162278,216,3,3,5236,807,44,40569
3162278,324,2,4,5236,807,44,98889
3162278,432,4,3,5236,807,44,180537
3162278,648,3,4,5236,807,44,413817
3162278,729,0,6,5236,807,44,525354
3162278,1296,4,4,5236,807,44,1673529
3162278,19683,0,9,5236,807,44,387414402
3981072,1,0,0,1,0,0,0
3981072,2,1,0,4,0,0,0
3981072,3,0,1,9,0,0,0
3981072,4,2,0,16,0,0,0
3981072,6,1,1,36,0,0,0
3981072,8,3,0,64,0,0,0
3981072,9,0,2,81,0,0,0
3981072,12,2,1,144,0,0,0
3981072,16,4,0,256,0,0,0
3981072,18,1,2,324,0,0,0
3981072,24,3,1,576,0,0,0
3981072,27,0,3,729,0,0,0
3981072,36,2,2,1296,0,0,0
3981072,48,4,1,2304,0,0,0
3981072,54,1,3,2916,0,0,0
3981072,72,3,2,4827,234,16,107
3981072,81,0,4,5320,450,47,744
3981072,108,2,3,5432,843,58,5331
3981072,144,4,2,5432,843,58,14403
3981072,162,1,4,5432,843,58,19911
3981072,216,3,3,5432,843,58,40323
3981072,324,2,4,5432,843,58,98643
3981072,432,4,3,5432,843,58,180291
3981072,648,3,4,5432,843,58,413571
3981072,729,0,6,5432,843,58,525108
3981072,1296,4,4,5432,843,58,1673283
3981072,19683,0,9,5432,843,58,387414156
5011872,1,0,0,1,0,0,0
5011872,2,1,0,4,0,0,0
5011872,3,0,1,9,0,0,0
5011872,4,2,0,16,0,0,0
5011872,6,1,1,36,0,0,0
5011872,8,3,0,64,0,0,0
5011872,9,0,2,81,0,0,0
5011872,12,2,1,144,0,0,0
5011872,16,4,0,256,0,0,0
5011872,18,1,2,324,0,0,0
5011872,24,3,1,576,0,0,0
5011872,27,0,3,729,0,0,0
5011872,36,2,2,1296,0,0,0
5011872,48,4,1,2304,0,0,0
5011872,54,1,3,2916,0,0,0
5011872,72,3,2,4914,188,10,72
5011872,81,0,4,5465,396,35,665
5011872,108,2,3,5636,828,42,5158
5011872,144,4,2,5636,828,42,14230
5011872,162,1,4,5636,828,42,19738
5011872,216,3,3,5636,828,42,40150
5011872,324,2,4,5636,828,42,98470
5011872,432,4,3,5636,828,42,180118
5011872,648,3,4,5636,828,42,413398
5011872,729,0,6,5636,828,42,524935
5011872,1296,4,4,5636,828,42,1673110
5011872,19683,0,9,5636,828,42,387413983
6309573,1,0,0,1,0,0,0
6309573,2,1,0,4,0,0,0
6309573,3,0,1,9,0,0,0
6309573,4,2,0,16,0,0,0
6309573,6,1,1,36,0,0,0
6309573,8,3,0,64,0,0,0
6309573,9,0,2,81,0,0,0
6309573,12,2,1,144,0,0,0
6309573,16,4,0,256,0,0,0
6309573,18,1,2,324,0,0,0
6309573,24,3,1,576,0,0,0
6309573,27,0,3,729,0,0,0
6309573,36,2,2,1296,0,0,0
6309573,48,4,1,2304,0,0,0
6309573,54,1,3,2916,0,0,0
6309573,72,3,2,5021,129,9,25
6309573,81,0,4,5675,357,23,506
6309573,108,2,3,5918,842,38,4866
6309573,144,4,2,5918,842,38,13938
6309573,162,1,4,5918,842,38,19446
6309573,216,3,3,5918,842,38,39858
6309573,324,2,4,5918,842,38,98178
6309573,432,4,3,5918,842,38,179826
6309573,648,3,4,5918,842,38,413106
6309573,729,0,6,5918,842,38,524643
6309573,1296,4,4,5918,842,38,1672818
6309573,19683,0,9,5918,842,38,387413691
7943282,1,0,0,1,0,0,0
7943282,2,1,0,4,0,0,0
7943282,3,0,1,9,0,0,0
7943282,4,2,0,16,0,0,0
7943282,6,1,1,36,0,0,0
7943282,8,3,0,64,0,0,0
7943282,9,0,2,81,0,0,0
7943282,12,2,1,144,0,0,0
7943282,16,4,0,256,0,0,0
7943282,18,1,2,324,0,0,0
7943282,24,3,1,576,0,0,0
7943282,27,0,3,729,0,0,0
7943282,36,2,2,1296,0,0,0
7943282,48,4,1,2304,0,0,0
7943282,54,1,3,2916,0,0,0
7943282,72,3,2,5101,73,5,5
7943282,81,0,4,5835,371,47,308
7943282,108,2,3,6203,1091,161,4209
7943282,144,4,2,6203,1096,161,13276
7943282,162,1,4,6203,1096,161,18784
7943282,216,3,3,6203,1096,161,39196
7943282,324,2,4,6203,1096,161,97516
7943282,432,4,3,6203,1096,161,179164
7943282,648,3,4,6203,1096,161,412444
7943282,729,0,6,6203,1096,161,523981
7943282,1296,4,4,6203,1096,161,1672156
7943282,19683,0,9,6203,1096,161,387413029
10000000,1,0,0,1,0,0,0
10000000,2,1,0,4,0,0,0
10000000,3,0,1,9,0,0,0
10000000,4,2,0,16,0,0,0
10000000,6,1,1,36,0,0,0
10000000,8,3,0,64,0,0,0
10000000,9,0,2,81,0,0,0
10000000,12,2,1,144,0,0,0
10000000,16,4,0,256,0,0,0
10000000,18,1,2,324,0,0,0
10000000,24,3,1,576,0,0,0
10000000,27,0,3,729,0,0,0
10000000,36,2,2,1296,0,0,0
10000000,48,4,1,2304,0,0,0
10000000,54,1,3,2916,0,0,0
10000000,72,3,2,5137,44,1,2
10000000,81,0,4,5990,338,45,188
10000000,108,2,3,6606,1100,137,3821
10000000,144,4,2,6606,1114,137,12879
10000000,162,1,4,6606,1114,137,18387
10000000,216,3,3,6606,1114,137,38799
10000000,324,2,4,6606,1114,137,97119
10000000,432,4,3,6606,1114,137,178767
10000000,648,3,4,6606,1114,137,412047
10000000,729,0,6,6606,1114,137,523584
10000000,1296,4,4,6606,1114,137,1671759
10000000,19683,0,9,6606,1114,137,387412632
12589254,1,0,0,1,0,0,0
12589254,2,1,0,4,0,0,0
12589254,3,0,1,9,0,0,0
12589254,4,2,0,16,0,0,0
12589254,6,1,1,36,0,0,0
12589254,8,3,0,64,0,0,0
12589254,9,0,2,81,0,0,0
12589254,12,2,1,144,0,0,0
12589254,16,4,0,256,0,0,0
12589254,18,1,2,324,0,0,0
12589254,24,3,1,576,0,0,0
12589254,27,0,3,729,0,0,0
12589254,36,2,2,1296,0,0,0
12589254,48,4,1,2304,0,0,0
12589254,54,1,3,2916,0,0,0
12589254,72,3,2,5157,26,0,1
12589254,81,0,4,6105,302,40,114
12589254,108,2,3,6887,1071,121,3585
12589254,144,4,2,6887,1093,121,12635
12589254,162,1,4,6887,1093,121,18143
12589254,216,3,3,6887,1093,121,38555
12589254,324,2,4,6887,1093,121,96875
12589254,432,4,3,6887,1093,121,178523
12589254,648,3,4,6887,1093,121,411803
12589254,729,0,6,6887,1093,121,523340
12589254,1296,4,4,6887,1093,121,1671515
12589254,19683,0,9,6887,1093,121,387412388
15848932,1,0,0,1,0,0,0
15848932,2,1,0,4,0,0,0
15848932,3,0,1,9,0,0,0
15848932,4,2,0,16,0,0,0
15848932,6,1,1,36,0,0,0
15848932,8,3,0,64,0,0,0
15848932,9,0,2,81,0,0,0
15848932,12,2,1,144,0,0,0
15848932,16,4,0,256,0,0,0
15848932,18,1,2,324,0,0,0
15848932,24,3,1,576,0,0,0
15848932,27,0,3,729,0,0,0
15848932,36,2,2,1296,0,0,0
15848932,48,4,1,2304,0,0,0
15848932,54,1,3,2916,0,0,0
15848932,72,3,2,5172,12,0,0
15848932,81,0,4,6251,237,21,52
15848932,108,2,3,7300,991,64,3309
15848932,144,4,2,7300,1022,64,12350
15848932,162,1,4,7300,1022,64,17858
15848932,216,3,3,7300,1022,64,38270
15848932,324,2,4,7300,1022,64,96590
15848932,432,4,3,7300,1022,64,178238
15848932,648,3,4,7300,1022,64,411518
15848932,729,0,6,7300,1022,64,523055
15848932,1296,4,4,7300,1022,64,1671230
15848932,19683,0,9,7300,1022,64,387412103
19952623,1,0,0,1,0,0,0
19952623,2,1,0,4,0,0,0
19952623,3,0,1,9,0,0,0
19952623,4,2,0,16,0,0,0
19952623,6,1,1,36,0,0,0
19952623,8,3,0,64,0,0,0
19952623,9,0,2,81,0,0,0
19952623,12,2,1,144,0,0,0
19952623,16,4,0,256,0,0,0
19952623,18,1,2,324,0,0,0
19952623,24,3,1,576,0,0,0
19952623,27,0,3,729,0,0,0
19952623,36,2,2,1296,0,0,0
19952623,48,4,1,2304,0,0,0
19952623,54,1,3,2916,0,0,0
19952623,72,3,2,5175,9,0,0
19952623,81,0,4,6330,189,11,31
19952623,108,2,3,7566,963,75,3060
19952623,144,4,2,7564,1015,77,12080
19952623,162,1,4,7564,1015,77,17588
19952623,216,3,3,7564,1015,77,38000
19952623,324,2,4,7564,1015,77,96320
19952623,432,4,3,7564,1015,77,177968
19952623,648,3,4,7564,1015,77,411248
19952623,729,0,6,7564,1015,77,522785
19952623,1296,4,4,7564,1015,77,1670960
19952623,19683,0,9,7564,1015,77,387411833
25118864,1,0,0,1,0,0,0
25118864,2,1,0,4,0,0,0
25118864,3,0,1,9,0,0,0
25118864,4,2,0,16,0,0,0
25118864,6,1,1,36,0,0,0
25118864,8,3,0,64,0,0,0
25118864,9,0,2,81,0,0,0
25118864,12,2,1,144,0,0,0
25118864,16,4,0,256,0,0,0
25118864,18,1,2,324,0,0,0
25118864,24,3,1,576,0,0,0
25118864,27,0,3,729,0,0,0
25118864,36,2,2,1296,0,0,0
25118864,48,4,1,2304,0,0,0
25118864,54,1,3,2916,0,0,0
25118864,72,3,2,5180,4,0,0
25118864,81,0,4,6398,141,4,18
25118864,108,2,3,7789,900,47,2928
25118864,144,4,2,7786,968,50,11932
25118864,162,1,4,7786,968,50,17440
25118864,216,3,3,7786,968,50,37852
25118864,324,2,4,7786,968,50,96172
25118864,432,4,3,7786,968,50,177820
25118864,648,3,4,7786,968,50,411100
25118864,729,0,6,7786,968,50,522637
25118864,1296,4,4,7786,968,50,1670812
25118864,19683,0,9,7786,968,50,387411685
31622777,1,0,0,1,0,0,0
31622777,2,1,0,4,0,0,0
31622777,3,0,1,9,0,0,0
31622777,4,2,0,16,0,0,0
31622777,6,1,1,36,0,0,0
31622777,8,3,0,64,0,0,0
31622777,9,0,2,81,0,0,0
31622777,12,2,1,144,0,0,0
31622777,16,4,0,256,0,0,0
31622777,18,1,2,324,0,0,0
31622777,24,3,1,576,0,0,0
31622777,27,0,3,729,0,0,0
31622777,36,2,2,1296,0,0,0
31622777,48,4,1,2304,0,0,0
31622777,54,1,3,2916,0,0,0
31622777,72,3,2,5183,1,0,0
31622777,81,0,4,6442,109,4,6
31622777,108,2,3,8043,868,52,2701
31622777,144,4,2,8040,966,56,11674
31622777,162,1,4,8040,966,56,17182
31622777,216,3,3,8040,966,56,37594
31622777,324,2,4,8040,966,56,95914
31622777,432,4,3,8040,966,56,177562
31622777,648,3,4,8040,966,56,410842
31622777,729,0,6,8040,966,56,522379
31622777,1296,4,4,8040,966,56,1670554
31622777,19683,0,9,8040,966,56,387411427
39810717,1,0,0,1,0,0,0
39810717,2,1,0,4,0,0,0
39810717,3,0,1,9,0,0,0
39810717,4,2,0,16,0,0,0
39810717,6,1,1,36,0,0,0
39810717,8,3,0,64,0,0,0
39810717,9,0,2,81,0,0,0
39810717,12,2,1,144,0,0,0
39810717,16,4,0,256,0,0,0
39810717,18,1,2,324,0,0,0
39810717,24,3,1,576,0,0,0
39810717,27,0,3,729,0,0,0
39810717,36,2,2,1296,0,0,0
39810717,48,4,1,2304,0,0,0
39810717,54,1,3,2916,0,0,0
39810717,72,3,2,5184,0,0,0
39810717,81,0,4,6484,74,1,2
39810717,108,2,3,8259,849,65,2491
39810717,144,4,2,8257,1009,79,11391
39810717,162,1,4,8257,1009,79,16899
39810717,216,3,3,8257,1009,79,37311
39810717,324,2,4,8257,1009,79,95631
39810717,432,4,3,8257,1009,79,177279
39810717,648,3,4,8257,1009,79,410559
39810717,729,0,6,8257,1009,79,522096
39810717,1296,4,4,8257,1009,79,1670271
39810717,19683,0,9,8257,1009,79,387411144
50118723,1,0,0,1,0,0,0
50118723,2,1,0,4,0,0,0
50118723,3,0,1,9,0,0,0
50118723,4,2,0,16,0,0,0
50118723,6,1,1,36,0,0,0
50118723,8,3,0,64,0,0,0
50118723,9,0,2,81,0,0,0
50118723,12,2,1,144,0,0,0
50118723,16,4,0,256,0,0,0
50118723,18,1,2,324,0,0,0
50118723,24,3,1,576,0,0,0
50118723,27,0,3,729,0,0,0
50118723,36,2,2,1296,0,0,0
50118723,48,4,1,2304,0,0,0
50118723,54,1,3,2916,0,0,0
50118723,72,3,2,5184,0,0,0
50118723,81,0,4,6508,53,0,0
50118723,108,2,3,8507,806,62,2289
50118723,144,4,2,8516,1033,75,11112
50118723,162,1,4,8516,1033,75,16620
50118723,216,3,3,8516,1033,75,37032
50118723,324,2,4,8516,1033,75,95352
50118723,432,4,3,8516,1033,75,177000
50118723,648,3,4,8516,1033,75,410280
50118723,729,0,6,8516,1033,75,521817
50118723,1296,4,4,8516,1033,75,1669992
50118723,19683,0,9,8516,1033,75,387410865
63095734,1,0,0,1,0,0,0
63095734,2,1,0,4,0,0,0
63095734,3,0,1,9,0,0,0
63095734,4,2,0,16,0,0,0
63095734,6,1,1,36,0,0,0
63095734,8,3,0,64,0,0,0
63095734,9,0,2,81,0,0,0
63095734,12,2,1,144,0,0,0
63095734,16,4,0,256,0,0,0
63095734,18,1,2,324,0,0,0
63095734,24,3,1,576,0,0,0
63095734,27,0,3,729,0,0,0
63095734,36,2,2,1296,0,0,0
63095734,48,4,1,2304,0,0,0
63095734,54,1,3,2916,0,0,0
63095734,72,3,2,5184,0,0,0
63095734,81,0,4,6522,39,0,0
63095734,108,2,3,8717,737,47,2163
63095734,144,4,2,8747,1014,58,10917
63095734,162,1,4,8747,1014,58,16425
63095734,216,3,3,8747,1014,58,36837
63095734,324,2,4,8747,1014,58,95157
63095734,432,4,3,8747,1014,58,176805
63095734,648,3,4,8747,1014,58,410085
63095734,729,0,6,8747,1014,58,521622
63095734,1296,4,4,8747,1014,58,1669797
63095734,19683,0,9,8747,1014,58,387410670
79432823,1,0,0,1,0,0,0
79432823,2,1,0,4,0,0,0
79432823,3,0,1,9,0,0,0
79432823,4,2,0,16,0,0,0
79432823,6,1,1,36,0,0,0
79432823,8,3,0,64,0,0,0
79432823,9,0,2,81,0,0,0
79432823,12,2,1,144,0,0,0
79432823,16,4,0,256,0,0,0
79432823,18,1,2,324,0,0,0
79432823,24,3,1,576,0,0,0
79432823,27,0,3,729,0,0,0
79432823,36,2,2,1296,0,0,0
79432823,48,4,1,2304,0,0,0
79432823,54,1,3,2916,0,0,0
79432823,72,3,2,5184,0,0,0
79432823,81,0,4,6535,26,0,0
79432823,108,2,3,8938,759,95,1872
79432823,144,4,2,8981,1258,189,10308
79432823,162,1,4,8981,1258,189,15816
79432823,216,3,3,8981,1258,189,36228
79432823,324,2,4,8981,1258,189,94548
79432823,432,4,3,8981,1258,189,176196
79432823,648,3,4,8981,1258,189,409476
79432823,729,0,6,8981,1258,189,521013
79432823,1296,4,4,8981,1258,189,1669188
79432823,19683,0,9,8981,1258,189,387410061
100000000,1,0,0,1,0,0,0
100000000,2,1,0,4,0,0,0
100000000,3,0,1,9,0,0,0
100000000,4,2,0,16,0,0,0
100000000,6,1,1,36,0,0,0
100000000,8,3,0,64,0,0,0
100000000,9,0,2,81,0,0,0
100000000,12,2,1,144,0,0,0
100000000,16,4,0,256,0,0,0
100000000,18,1,2,324,0,0,0
100000000,24,3,1,576,0,0,0
100000000,27,0,3,729,0,0,0
100000000,36,2,2,1296,0,0,0
100000000,48,4,1,2304,0,0,0
100000000,54,1,3,2916,0,0,0
100000000,72,3,2,5184,0,0,0
100000000,81,0,4,6542,19,0,0
100000000,108,2,3,9257,822,146,1439
100000000,144,4,2,9415,1518,273,9530
100000000,162,1,4,9415,1518,273,15038
100000000,216,3,3,9415,1518,273,35450
100000000,324,2,4,9415,1518,273,93770
100000000,432,4,3,9415,1518,273,175418
100000000,648,3,4,9415,1518,273,408698
100000000,729,0,6,9415,1518,273,520235
100000000,1296,4,4,9415,1518,273,1668410
100000000,19683,0,9,9415,1518,273,387409283
125892541,1,0,0,1,0,0,0
125892541,2,1,0,4,0,0,0
125892541,3,0,1,9,0,0,0
125892541,4,2,0,16,0,0,0
125892541,6,1,1,36,0,0,0
125892541,8,3,0,64,0,0,0
125892541,9,0,2,81,0,0,0
125892541,12,2,1,144,0,0,0
125892541,16,4,0,256,0,0,0
125892541,18,1,2,324,0,0,0
125892541,24,3,1,576,0,0,0
125892541,27,0,3,729,0,0,0
125892541,36,2,2,1296,0,0,0
125892541,48,4,1,2304,0,0,0
125892541,54,1,3,2916,0,0,0
125892541,72,3,2,5184,0,0,0
125892541,81,0,4,6550,11,0,0
125892541,108,2,3,9536,825,144,1159
125892541,144,4,2,9822,1592,276,9046
125892541,162,1,4,9822,1592,276,14554
125892541,216,3,3,9822,1592,276,34966
125892541,324,2,4,9822,1592,276,93286
125892541,432,4,3,9822,1592,276,174934
125892541,648,3,4,9822,1592,276,408214
125892541,729,0,6,9822,1592,276,519751
125892541,1296,4,4,9822,1592,276,1667926
125892541,19683,0,9,9822,1592,276,387408799
158489319,1,0,0,1,0,0,0
158489319,2,1,0,4,0,0,0
158489319,3,0,1,9,0,0,0
158489319,4,2,0,16,0,0,0
158489319,6,1,1,36,0,0,0
158489319,8,3,0,64,0,0,0
158489319,9,0,2,81,0,0,0
158489319,12,2,1,144,0,0,0
158489319,16,4,0,256,0,0,0
158489319,18,1,2,324,0,0,0
158489319,24,3,1,576,0,0,0
158489319,27,0,3,729,0,0,0
158489319,36,2,2,1296,0,0,0
158489319,48,4,1,2304,0,0,0
158489319,54,1,3,2916,0,0,0
158489319,72,3,2,5184,0,0,0
158489319,81,0,4,6554,7,0,0
158489319,108,2,3,9925,782,159,798
158489319,144,4,2,10383,1699,300,8354
158489319,162,1,4,10383,1699,300,13862
158489319,216,3,3,10383,1699,300,34274
158489319,324,2,4,10383,1699,300,92594
158489319,432,4,3,10383,1699,300,174242
158489319,648,3,4,10383,1699,300,407522
158489319,729,0,6,10383,1699,300,519059
158489319,1296,4,4,10383,1699,300,1667234
158489319,19683,0,9,10383,1699,300,387408107
199526231,1,0,0,1,0,0,0
199526231,2,1,0,4,0,0,0
199526231,3,0,1,9,0,0,0
199526231,4,2,0,16,0,0,0
199526231,6,1,1,36,0,0,0
199526231,8,3,0,64,0,0,0
199526231,9,0,2,81,0,0,0
199526231,12,2,1,144,0,0,0
199526231,16,4,0,256,0,0,0
199526231,18,1,2,324,0,0,0
199526231,24,3,1,576,0,0,0
199526231,27,0,3,729,0,0,0
199526231,36,2,2,1296,0,0,0
199526231,48,4,1,2304,0,0,0
199526231,54,1,3,2916,0,0,0
199526231,72,3,2,5184,0,0,0
199526231,81,0,4,6559,2,0,0
199526231,108,2,3,10269,686,138,571
199526231,144,4,2,10970,1611,248,7907
199526231,162,1,4,10970,1611,248,13415
199526231,216,3,3,10970,1611,248,33827
199526231,324,2,4,10970,1611,248,92147
199526231,432,4,3,10970,1611,248,173795
199526231,648,3,4,10970,1611,248,407075
199526231,729,0,6,10970,1611,248,518612
199526231,1296,4,4,10970,1611,248,1666787
199526231,19683,0,9,10970,1611,248,387407660
251188643,1,0,0,1,0,0,0
251188643,2,1,0,4,0,0,0
251188643,3,0,1,9,0,0,0
251188643,4,2,0,16,0,0,0
251188643,6,1,1,36,0,0,0
251188643,8,3,0,64,0,0,0
251188643,9,0,2,81,0,0,0
251188643,12,2,1,144,0,0,0
251188643,16,4,0,256,0,0,0
251188643,18,1,2,324,0,0,0
251188643,24,3,1,576,0,0,0
251188643,27,0,3,729,0,0,0
251188643,36,2,2,1296,0,0,0
251188643,48,4,1,2304,0,0,0
251188643,54,1,3,2916,0,0,0
251188643,72,3,2,5184,0,0,0
251188643,81,0,4,6561,0,0,0
251188643,108,2,3,10564,578,119,403
251188643,144,4,2,11549,1546,200,7441
251188643,162,1,4,11549,1546,200,12949
251188643,216,3,3,11549,1546,200,33361
251188643,324,2,4,11549,1546,200,91681
251188643,432,4,3,11549,1546,200,173329
251188643,648,3,4,11549,1546,200,406609
251188643,729,0,6,11549,1546,200,518146
251188643,1296,4,4,11549,1546,200,1666321
251188643,19683,0,9,11549,1546,200,387407194
316227766,1,0,0,1,0,0,0
316227766,2,1,0,4,0,0,0
316227766,3,0,1,9,0,0,0
316227766,4,2,0,16,0,0,0
316227766,6,1,1,36,0,0,0
316227766,8,3,0,64,0,0,0
316227766,9,0,2,81,0,0,0
316227766,12,2,1,144,0,0,0
316227766,16,4,0,256,0,0,0
316227766,18,1,2,324,0,0,0
316227766,24,3,1,576,0,0,0
316227766,27,0,3,729,0,0,0
316227766,36,2,2,1296,0,0,0
316227766,48,4,1,2304,0,0,0
316227766,54,1,3,2916,0,0,0
316227766,72,3,2,5184,0,0,0
316227766,81,0,4,6561,0,0,0
316227766,108,2,3,10896,469,83,216
316227766,144,4,2,12143,1460,132,7001
316227766,162,1,4,12143,1460,132,12509
316227766,216,3,3,12143,1460,132,32921
316227766,324,2,4,12143,1460,132,91241
316227766,432,4,3,12143,1460,132,172889
316227766,648,3,4,12143,1460,132,406169
316227766,729,0,6,12143,1460,132,517706
316227766,1296,4,4,12143,1460,132,1665881
316227766,19683,0,9,12143,1460,132,387406754
398107171,1,0,0,1,0,0,0
398107171,2,1,0,4,0,0,0
398107171,3,0,1,9,0,0,0
398107171,4,2,0,16,0,0,0
398107171,6,1,1,36,0,0,0
398107171,8,3,0,64,0,0,0
398107171,9,0,2,81,0,0,0
398107171,12,2,1,144,0,0,0
398107171,16,4,0,256,0,0,0
398107171,18,1,2,324,0,0,0
398107171,24,3,1,576,0,0,0
398107171,27,0,3,729,0,0,0
398107171,36,2,2,1296,0,0,0
398107171,48,4,1,2304,0,0,0
398107171,54,1,3,2916,0,0,0
398107171,72,3,2,5184,0,0,0
398107171,81,0,4,6561,0,0,0
398107171,108,2,3,11046,416,62,140
398107171,144,4,2,12493,1492,135,6616
398107171,162,1,4,12493,1493,135,12123
398107171,216,3,3,12493,1493,135,32535
398107171,324,2,4,12493,1493,135,90855
398107171,432,4,3,12493,1493,135,172503
398107171,648,3,4,12493,1493,135,405783
398107171,729,0,6,12493,1493,135,517320
398107171,1296,4,4,12493,1493,135,1665495
398107171,19683,0,9,12493,1493,135,387406368
501187234,1,0,0,1,0,0,0
501187234,2,1,0,4,0,0,0
501187234,3,0,1,9,0,0,0
501187234,4,2,0,16,0,0,0
501187234,6,1,1,36,0,0,0
501187234,8,3,0,64,0,0,0
501187234,9,0,2,81,0,0,0
501187234,12,2,1,144,0,0,0
501187234,16,4,0,256,0,0,0
501187234,18,1,2,324,0,0,0
501187234,24,3,1,576,0,0,0
501187234,27,0,3,729,0,0,0
501187234,36,2,2,1296,0,0,0
501187234,48,4,1,2304,0,0,0
501187234,54,1,3,2916,0,0,0
501187234,72,3,2,5184,0,0,0
501187234,81,0,4,6561,0,0,0
501187234,108,2,3,11201,359,35,69
501187234,144,4,2,12829,1430,82,6395
501187234,162,1,4,12829,1433,82,11900
501187234,216,3,3,12829,1433,82,32312
501187234,324,2,4,12829,1433,82,90632
501187234,432,4,3,12829,1433,82,172280
501187234,648,3,4,12829,1433,82,405560
501187234,729,0,6,12829,1433,82,517097
501187234,1296,4,4,12829,1433,82,1665272
501187234,19683,0,9,12829,1433,82,387406145
630957344,1,0,0,1,0,0,0
630957344,2,1,0,4,0,0,0
630957344,3,0,1,9,0,0,0
630957344,4,2,0,16,0,0,0
630957344,6,1,1,36,0,0,0
630957344,8,3,0,64,0,0,0
630957344,9,0,2,81,0,0,0
630957344,12,2,1,144,0,0,0
630957344,16,4,0,256,0,0,0
630957344,18,1,2,324,0,0,0
630957344,24,3,1,576,0,0,0
630957344,27,0,3,729,0,0,0
630957344,36,2,2,1296,0,0,0
630957344,48,4,1,2304,0,0,0
630957344,54,1,3,2916,0,0,0
630957344,72,3,2,5184,0,0,0
630957344,81,0,4,6561,0,0,0
630957344,108,2,3,11317,272,26,49
630957344,144,4,2,13130,1332,59,6215
630957344,162,1,4,13130,1338,59,11717
630957344,216,3,3,13130,1338,59,32129
630957344,324,2,4,13130,1338,59,90449
630957344,432,4,3,13130,1338,59,172097
630957344,648,3,4,13130,1338,59,405377
630957344,729,0,6,13130,1338,59,516914
630957344,1296,4,4,13130,1338,59,1665089
630957344,19683,0,9,13130,1338,59,387405962
794328235,1,0,0,1,0,0,0
794328235,2,1,0,4,0,0,0
794328235,3,0,1,9,0,0,0
794328235,4,2,0,16,0,0,0
794328235,6,1,1,36,0,0,0
794328235,8,3,0,64,0,0,0
794328235,9,0,2,81,0,0,0
794328235,12,2,1,144,0,0,0
794328235,16,4,0,256,0,0,0
794328235,18,1,2,324,0,0,0
794328235,24,3,1,576,0,0,0
794328235,27,0,3,729,0,0,0
794328235,36,2,2,1296,0,0,0
794328235,48,4,1,2304,0,0,0
794328235,54,1,3,2916,0,0,0
794328235,72,3,2,5184,0,0,0
794328235,81,0,4,6561,0,0,0
794328235,108,2,3,11436,199,12,17
794328235,144,4,2,13430,1315,56,5935
794328235,162,1,4,13430,1323,56,11435
794328235,216,3,3,13430,1323,56,31847
794328235,324,2,4,13430,1323,56,90167
794328235,432,4,3,13430,1323,56,171815
794328235,648,3,4,13430,1323,56,405095
794328235,729,0,6,13430,1323,56,516632
794328235,1296,4,4,13430,1323,56,1664807
794328235,19683,0,9,13430,1323,56,387405680
1000000000,1,0,0,1,0,0,0
1000000000,2,1,0,4,0,0,0
1000000000,3,0,1,9,0,0,0
1000000000,4,2,0,16,0,0,0
1000000000,6,1,1,36,0,0,0
1000000000,8,3,0,64,0,0,0
1000000000,9,0,2,81,0,0,0
1000000000,12,2,1,144,0,0,0
1000000000,16,4,0,256,0,0,0
1000000000,18,1,2,324,0,0,0
1000000000,24,3,1,576,0,0,0
1000000000,27,0,3,729,0,0,0
1000000000,36,2,2,1296,0,0,0
1000000000,48,4,1,2304,0,0,0
1000000000,54,1,3,2916,0,0,0
1000000000,72,3,2,5184,0,0,0
1000000000,81,0,4,6561,0,0,0
1000000000,108,2,3,11499,146,8,11
1000000000,144,4,2,13688,1256,41,5751
1000000000,162,1,4,13688,1269,41,11246
1000000000,216,3,3,13688,1269,41,31658
1000000000,324,2,4,13688,1269,41,89978
1000000000,432,4,3,13688,1269,41,171626
1000000000,648,3,4,13688,1269,41,404906
1000000000,729,0,6,13688,1269,41,516443
1000000000,1296,4,4,13688,1269,41,1664618
1000000000,19683,0,9,13688,1269,41,387405491
1258925412,1,0,0,1,0,0,0
1258925412,2,1,0,4,0,0,0
1258925412,3,0,1,9,0,0,0
1258925412,4,2,0,16,0,0,0
1258925412,6,1,1,36,0,0,0
1258925412,8,3,0,64,0,0,0
1258925412,9,0,2,81,0,0,0
1258925412,12,2,1,144,0,0,0
1258925412,16,4,0,256,0,0,0
1258925412,18,1,2,324,0,0,0
1258925412,24,3,1,576,0,0,0
1258925412,27,0,3,729,0,0,0
1258925412,36,2,2,1296,0,0,0
1258925412,48,4,1,2304,0,0,0
1258925412,54,1,3,2916,0,0,0
1258925412,72,3,2,5184,0,0,0
1258925412,81,0,4,6561,0,0,0
1258925412,108,2,3,11547,109,2,6
1258925412,144,4,2,13931,1225,20,5560
1258925412,162,1,4,13929,1262,26,11027
1258925412,216,3,3,13929,1262,26,31439
1258925412,324,2,4,13929,1262,26,89759
1258925412,432,4,3,13929,1262,26,171407
1258925412,648,3,4,13929,1262,26,404687
1258925412,729,0,6,13929,1262,26,516224
1258925412,1296,4,4,13929,1262,26,1664399
1258925412,19683,0,9,13929,1262,26,387405272
1584893192,1,0,0,1,0,0,0
1584893192,2,1,0,4,0,0,0
1584893192,3,0,1,9,0,0,0
1584893192,4,2,0,16,0,0,0
1584893192,6,1,1,36,0,0,0
1584893192,8,3,0,64,0,0,0
1584893192,9,0,2,81,0,0,0
1584893192,12,2,1,144,0,0,0
1584893192,16,4,0,256,0,0,0
1584893192,18,1,2,324,0,0,0
1584893192,24,3,1,576,0,0,0
1584893192,27,0,3,729,0,0,0
1584893192,36,2,2,1296,0,0,0
1584893192,48,4,1,2304,0,0,0
1584893192,54,1,3,2916,0,0,0
1584893192,72,3,2,5184,0,0,0
1584893192,81,0,4,6561,0,0,0
1584893192,108,2,3,11590,71,1,2
1584893192,144,4,2,14198,1281,67,5190
1584893192,162,1,4,14193,1340,77,10634
1584893192,216,3,3,14193,1340,77,31046
1584893192,324,2,4,14193,1340,77,89366
1584893192,432,4,3,14193,1340,77,171014
1584893192,648,3,4,14193,1340,77,404294
1584893192,729,0,6,14193,1340,77,515831
1584893192,1296,4,4,14193,1340,77,1664006
1584893192,19683,0,9,14193,1340,77,387404879
1995262315,1,0,0,1,0,0,0
1995262315,2,1,0,4,0,0,0
1995262315,3,0,1,9,0,0,0
1995262315,4,2,0,16,0,0,0
1995262315,6,1,1,36,0,0,0
1995262315,8,3,0,64,0,0,0
1995262315,9,0,2,81,0,0,0
1995262315,12,2,1,144,0,0,0
1995262315,16,4,0,256,0,0,0
1995262315,18,1,2,324,0,0,0
1995262315,24,3,1,576,0,0,0
1995262315,27,0,3,729,0,0,0
1995262315,36,2,2,1296,0,0,0
1995262315,48,4,1,2304,0,0,0
1995262315,54,1,3,2916,0,0,0
1995262315,72,3,2,5184,0,0,0
1995262315,81,0,4,6561,0,0,0
1995262315,108,2,3,11623,41,0,0
1995262315,144,4,2,14537,1328,104,4767
1995262315,162,1,4,14545,1417,110,10172
1995262315,216,3,3,14545,1417,110,30584
1995262315,324,2,4,14545,1417,110,88904
1995262315,432,4,3,14545,1417,110,170552
1995262315,648,3,4,14545,1417,110,403832
1995262315,729,0,6,14545,1417,110,515369
1995262315,1296,4,4,14545,1417,110,1663544
1995262315,19683,0,9,14545,1417,110,387404417
2511886432,1,0,0,1,0,0,0
2511886432,2,1,0,4,0,0,0
2511886432,3,0,1,9,0,0,0
2511886432,4,2,0,16,0,0,0
2511886432,6,1,1,36,0,0,0
2511886432,8,3,0,64,0,0,0
2511886432,9,0,2,81,0,0,0
2511886432,12,2,1,144,0,0,0
2511886432,16,4,0,256,0,0,0
2511886432,18,1,2,324,0,0,0
2511886432,24,3,1,576,0,0,0
2511886432,27,0,3,729,0,0,0
2511886432,36,2,2,1296,0,0,0
2511886432,48,4,1,2304,0,0,0
2511886432,54,1,3,2916,0,0,0
2511886432,72,3,2,5184,0,0,0
2511886432,81,0,4,6561,0,0,0
2511886432,108,2,3,11635,29,0,0
2511886432,144,4,2,14925,1278,77,4456
2511886432,162,1,4,14944,1400,79,9821
2511886432,216,3,3,14944,1400,79,30233
2511886432,324,2,4,14944,1400,79,88553
2511886432,432,4,3,14944,1400,79,170201
2511886432,648,3,4,14944,1400,79,403481
2511886432,729,0,6,14944,1400,79,515018
2511886432,1296,4,4,14944,1400,79,1663193
2511886432,19683,0,9,14944,1400,79,387404066
3162277660,1,0,0,1,0,0,0
3162277660,2,1,0,4,0,0,0
3162277660,3,0,1,9,0,0,0
3162277660,4,2,0,16,0,0,0
3162277660,6,1,1,36,0,0,0
3162277660,8,3,0,64,0,0,0
3162277660,9,0,2,81,0,0,0
3162277660,12,2,1,144,0,0,0
3162277660,16,4,0,256,0,0,0
3162277660,18,1,2,324,0,0,0
3162277660,24,3,1,576,0,0,0
3162277660,27,0,3,729,0,0,0
3162277660,36,2,2,1296,0,0,0
3162277660,48,4,1,2304,0,0,0
3162277660,54,1,3,2916,0,0,0
3162277660,72,3,2,5184,0,0,0
3162277660,81,0,4,6561,0,0,0
3162277660,108,2,3,11648,16,0,0
3162277660,144,4,2,15360,1338,95,3943
3162277660,162,1,4,15401,1584,133,9126
3162277660,216,3,3,15401,1590,133,29532
3162277660,324,2,4,15401,1590,133,87852
3162277660,432,4,3,15401,1590,133,169500
3162277660,648,3,4,15401,1590,133,402780
3162277660,729,0,6,15401,1590,133,514317
3162277660,1296,4,4,15401,1590,133,1662492
3162277660,19683,0,9,15401,1590,133,387403365
3981071706,1,0,0,1,0,0,0
3981071706,2,1,0,4,0,0,0
3981071706,3,0,1,9,0,0,0
3981071706,4,2,0,16,0,0,0
3981071706,6,1,1,36,0,0,0
3981071706,8,3,0,64,0,0,0
3981071706,9,0,2,81,0,0,0
3981071706,12,2,1,144,0,0,0
3981071706,16,4,0,256,0,0,0
3981071706,18,1,2,324,0,0,0
3981071706,24,3,1,576,0,0,0
3981071706,27,0,3,729,0,0,0
3981071706,36,2,2,1296,0,0,0
3981071706,48,4,1,2304,0,0,0
3981071706,54,1,3,2916,0,0,0
3981071706,72,3,2,5184,0,0,0
3981071706,81,0,4,6561,0,0,0
3981071706,108,2,3,11654,10,0,0
3981071706,144,4,2,15652,1257,67,3760
3981071706,162,1,4,15714,1508,103,8919
3981071706,216,3,3,15714,1517,103,29322
3981071706,324,2,4,15714,1517,103,87642
3981071706,432,4,3,15714,1517,103,169290
3981071706,648,3,4,15714,1517,103,402570
3981071706,729,0,6,15714,1517,103,514107
3981071706,1296,4,4,15714,1517,103,1662282
3981071706,19683,0,9,15714,1517,103,387403155
5011872336,1,0,0,1,0,0,0
5011872336,2,1,0,4,0,0,0
5011872336,3,0,1,9,0,0,0
5011872336,4,2,0,16,0,0,0
5011872336,6,1,1,36,0,0,0
5011872336,8,3,0,64,0,0,0
5011872336,9,0,2,81,0,0,0
5011872336,12,2,1,144,0,0,0
5011872336,16,4,0,256,0,0,0
5011872336,18,1,2,324,0,0,0
5011872336,24,3,1,576,0,0,0
5011872336,27,0,3,729,0,0,0
5011872336,36,2,2,1296,0,0,0
5011872336,48,4,1,2304,0,0,0
5011872336,54,1,3,2916,0,0,0
5011872336,72,3,2,5184,0,0,0
5011872336,81,0,4,6561,0,0,0
5011872336,108,2,3,11660,4,0,0
5011872336,144,4,2,15982,1365,131,3258
5011872336,162,1,4,16123,1714,200,8207
5011872336,216,3,3,16118,1767,210,28561
5011872336,324,2,4,16118,1767,210,86881
5011872336,432,4,3,16118,1767,210,168529
5011872336,648,3,4,16118,1767,210,401809
5011872336,729,0,6,16118,1767,210,513346
5011872336,1296,4,4,16118,1767,210,1661521
5011872336,19683,0,9,16118,1767,210,387402394
6309573445,1,0,0,1,0,0,0
6309573445,2,1,0,4,0,0,0
6309573445,3,0,1,9,0,0,0
6309573445,4,2,0,16,0,0,0
6309573445,6,1,1,36,0,0,0
6309573445,8,3,0,64,0,0,0
6309573445,9,0,2,81,0,0,0
6309573445,12,2,1,144,0,0,0
6309573445,16,4,0,256,0,0,0
6309573445,18,1,2,324,0,0,0
6309573445,24,3,1,576,0,0,0
6309573445,27,0,3,729,0,0,0
6309573445,36,2,2,1296,0,0,0
6309573445,48,4,1,2304,0,0,0
6309573445,54,1,3,2916,0,0,0
6309573445,72,3,2,5184,0,0,0
6309573445,81,0,4,6561,0,0,0
6309573445,108,2,3,11661,3,0,0
6309573445,144,4,2,16366,1278,123,2969
6309573445,162,1,4,16628,1629,163,7824
6309573445,216,3,3,16625,1700,173,28158
6309573445,324,2,4,16625,1700,173,86478
6309573445,432,4,3,16625,1700,173,168126
6309573445,648,3,4,16625,1700,173,401406
6309573445,729,0,6,16625,1700,173,512943
6309573445,1296,4,4,16625,1700,173,1661118
6309573445,19683,0,9,16625,1700,173,387401991
7943282347,1,0,0,1,0,0,0
7943282347,2,1,0,4,0,0,0
7943282347,3,0,1,9,0,0,0
7943282347,4,2,0,16,0,0,0
7943282347,6,1,1,36,0,0,0
7943282347,8,3,0,64,0,0,0
7943282347,9,0,2,81,0,0,0
7943282347,12,2,1,144,0,0,0
7943282347,16,4,0,256,0,0,0
7943282347,18,1,2,324,0,0,0
7943282347,24,3,1,576,0,0,0
7943282347,27,0,3,729,0,0,0
7943282347,36,2,2,1296,0,0,0
7943282347,48,4,1,2304,0,0,0
7943282347,54,1,3,2916,0,0,0
7943282347,72,3,2,5184,0,0,0
7943282347,81,0,4,6561,0,0,0
7943282347,108,2,3,11663,1,0,0
7943282347,144,4,2,16654,1195,93,2794
7943282347,162,1,4,16981,1555,120,7588
7943282347,216,3,3,16983,1638,127,27908
7943282347,324,2,4,16983,1638,127,86228
7943282347,432,4,3,16983,1638,127,167876
7943282347,648,3,4,16983,1638,127,401156
7943282347,729,0,6,16983,1638,127,512693
7943282347,1296,4,4,16983,1638,127,1660868
7943282347,19683,0,9,16983,1638,127,387401741
10000000000,1,0,0,1,0,0,0
10000000000,2,1,0,4,0,0,0
10000000000,3,0,1,9,0,0,0
10000000000,4,2,0,16,0,0,0
10000000000,6,1,1,36,0,0,0
10000000000,8,3,0,64,0,0,0
10000000000,9,0,2,81,0,0,0
10000000000,12,2,1,144,0,0,0
10000000000,16,4,0,256,0,0,0
10000000000,18,1,2,324,0,0,0
10000000000,24,3,1,576,0,0,0
10000000000,27,0,3,729,0,0,0
10000000000,36,2,2,1296,0,0,0
10000000000,48,4,1,2304,0,0,0
10000000000,54,1,3,2916,0,0,0
10000000000,72,3,2,5184,0,0,0
10000000000,81,0,4,6561,0,0,0
10000000000,108,2,3,11664,0,0,0
10000000000,144,4,2,16954,1090,76,2616
10000000000,162,1,4,17359,1463,95,7327
10000000000,216,3,3,17372,1555,98,27631
10000000000,324,2,4,17372,1555,98,85951
10000000000,432,4,3,17372,1555,98,167599
10000000000,648,3,4,17372,1555,98,400879
10000000000,729,0,6,17372,1555,98,512416
10000000000,1296,4,4,17372,1555,98,1660591
10000000000,19683,0,9,17372,1555,98,387401464
12589254118,1,0,0,1,0,0,0
12589254118,2,1,0,4,0,0,0
12589254118,3,0,1,9,0,0,0
12589254118,4,2,0,16,0,0,0
12589254118,6,1,1,36,0,0,0
12589254118,8,3,0,64,0,0,0
12589254118,9,0,2,81,0,0,0
12589254118,12,2,1,144,0,0,0
12589254118,16,4,0,256,0,0,0
12589254118,18,1,2,324,0,0,0
12589254118,24,3,1,576,0,0,0
12589254118,27,0,3,729,0,0,0
12589254118,36,2,2,1296,0,0,0
12589254118,48,4,1,2304,0,0,0
12589254118,54,1,3,2916,0,0,0
12589254118,72,3,2,5184,0,0,0
12589254118,81,0,4,6561,0,0,0
12589254118,108,2,3,11664,0,0,0
12589254118,144,4,2,17380,1138,124,2094
12589254118,162,1,4,17882,1614,161,6587
12589254118,216,3,3,17908,1794,191,26763
12589254118,324,2,4,17908,1794,191,85083
12589254118,432,4,3,17908,1794,191,166731
12589254118,648,3,4,17908,1794,191,400011
12589254118,729,0,6,17908,1794,191,511548
12589254118,1296,4,4,17908,1794,191,1659723
12589254118,19683,0,9,17908,1794,191,387400596
15848931925,1,0,0,1,0,0,0
15848931925,2,1,0,4,0,0,0
15848931925,3,0,1,9,0,0,0
15848931925,4,2,0,16,0,0,0
15848931925,6,1,1,36,0,0,0
15848931925,8,3,0,64,0,0,0
15848931925,9,0,2,81,0,0,0
15848931925,12,2,1,144,0,0,0
15848931925,16,4,0,256,0,0,0
15848931925,18,1,2,324,0,0,0
15848931925,24,3,1,576,0,0,0
15848931925,27,0,3,729,0,0,0
15848931925,36,2,2,1296,0,0,0
15848931925,48,4,1,2304,0,0,0
15848931925,54,1,3,2916,0,0,0
15848931925,72,3,2,5184,0,0,0
15848931925,81,0,4,6561,0,0,0
15848931925,108,2,3,11664,0,0,0
15848931925,144,4,2,17684,1125,142,1785
15848931925,162,1,4,18274,1691,199,6080
15848931925,216,3,3,18343,1954,252,26107
15848931925,324,2,4,18343,1954,252,84427
15848931925,432,4,3,18343,1954,252,166075
15848931925,648,3,4,18343,1954,252,399355
15848931925,729,0,6,18343,1954,252,510892
15848931925,1296,4,4,18343,1954,252,1659067
15848931925,19683,0,9,18343,1954,252,387399940
19952623150,1,0,0,1,0,0,0
19952623150,2,1,0,4,0,0,0
19952623150,3,0,1,9,0,0,0
19952623150,4,2,0,16,0,0,0
19952623150,6,1,1,36,0,0,0
19952623150,8,3,0,64,0,0,0
19952623150,9,0,2,81,0,0,0
19952623150,12,2,1,144,0,0,0
19952623150,16,4,0,256,0,0,0
19952623150,18,1,2,324,0,0,0
19952623150,24,3,1,576,0,0,0
19952623150,27,0,3,729,0,0,0
19952623150,36,2,2,1296,0,0,0
19952623150,48,4,1,2304,0,0,0
19952623150,54,1,3,2916,0,0,0
19952623150,72,3,2,5184,0,0,0
19952623150,81,0,4,6561,0,0,0
19952623150,108,2,3,11664,0,0,0
19952623150,144,4,2,18075,1041,82,1538
19952623150,162,1,4,18805,1606,124,5709
19952623150,216,3,3,18964,1878,157,25657
19952623150,324,2,4,18964,1878,157,83977
19952623150,432,4,3,18964,1878,157,165625
19952623150,648,3,4,18964,1878,157,398905
19952623150,729,0,6,18964,1878,157,510442
19952623150,1296,4,4,18964,1878,157,1658617
19952623150,19683,0,9,18964,1878,157,387399490
25118864315,1,0,0,1,0,0,0
25118864315,2,1,0,4,0,0,0
25118864315,3,0,1,9,0,0,0
25118864315,4,2,0,16,0,0,0
25118864315,6,1,1,36,0,0,0
25118864315,8,3,0,64,0,0,0
25118864315,9,0,2,81,0,0,0
25118864315,12,2,1,144,0,0,0
25118864315,16,4,0,256,0,0,0
25118864315,18,1,2,324,0,0,0
25118864315,24,3,1,576,0,0,0
25118864315,27,0,3,729,0,0,0
25118864315,36,2,2,1296,0,0,0
25118864315,48,4,1,2304,0,0,0
25118864315,54,1,3,2916,0,0,0
25118864315,72,3,2,5184,0,0,0
25118864315,81,0,4,6561,0,0,0
25118864315,108,2,3,11664,0,0,0
25118864315,144,4,2,18388,917,59,1372
25118864315,162,1,4,19244,1504,93,5403
25118864315,216,3,3,19456,1770,117,25313
25118864315,324,2,4,19456,1770,117,83633
25118864315,432,4,3,19456,1770,117,165281
25118864315,648,3,4,19456,1770,117,398561
25118864315,729,0,6,19456,1770,117,510098
25118864315,1296,4,4,19456,1770,117,1658273
25118864315,19683,0,9,19456,1770,117,387399146
31622776602,1,0,0,1,0,0,0
31622776602,2,1,0,4,0,0,0
31622776602,3,0,1,9,0,0,0
31622776602,4,2,0,16,0,0,0
31622776602,6,1,1,36,0,0,0
31622776602,8,3,0,64,0,0,0
31622776602,9,0,2,81,0,0,0
31622776602,12,2,1,144,0,0,0
31622776602,16,4,0,256,0,0,0
31622776602,18,1,2,324,0,0,0
31622776602,24,3,1,576,0,0,0
31622776602,27,0,3,729,0,0,0
31622776602,36,2,2,1296,0,0,0
31622776602,48,4,1,2304,0,0,0
31622776602,54,1,3,2916,0,0,0
31622776602,72,3,2,5184,0,0,0
31622776602,81,0,4,6561,0,0,0
31622776602,108,2,3,11664,0,0,0
31622776602,144,4,2,18636,847,38,1215
31622776602,162,1,4,19595,1453,63,5133
31622776602,216,3,3,19863,1711,78,25004
31622776602,324,2,4,19863,1711,78,83324
31622776602,432,4,3,19863,1711,78,164972
31622776602,648,3,4,19863,1711,78,398252
31622776602,729,0,6,19863,1711,78,509789
31622776602,1296,4,4,19863,1711,78,1657964
31622776602,19683,0,9,19863,1711,78,387398837
39810717055,1,0,0,1,0,0,0
39810717055,2,1,0,4,0,0,0
39810717055,3,0,1,9,0,0,0
39810717055,4,2,0,16,0,0,0
39810717055,6,1,1,36,0,0,0
39810717055,8,3,0,64,0,0,0
39810717055,9,0,2,81,0,0,0
39810717055,12,2,1,144,0,0,0
39810717055,16,4,0,256,0,0,0
39810717055,18,1,2,324,0,0,0
39810717055,24,3,1,576,0,0,0
39810717055,27,0,3,729,0,0,0
39810717055,36,2,2,1296,0,0,0
39810717055,48,4,1,2304,0,0,0
39810717055,54,1,3,2916,0,0,0
39810717055,72,3,2,5184,0,0,0
39810717055,81,0,4,6561,0,0,0
39810717055,108,2,3,11664,0,0,0
39810717055,144,4,2,18888,737,25,1086
39810717055,162,1,4,19951,1390,52,4851
39810717055,216,3,3,20299,1651,69,24637
39810717055,324,2,4,20299,1651,69,82957
39810717055,432,4,3,20299,1651,69,164605
39810717055,648,3,4,20299,1651,69,397885
39810717055,729,0,6,20299,1651,69,509422
39810717055,1296,4,4,20299,1651,69,1657597
39810717055,19683,0,9,20299,1651,69,387398470
50118723363,1,0,0,1,0,0,0
50118723363,2,1,0,4,0,0,0
50118723363,3,0,1,9,0,0,0
50118723363,4,2,0,16,0,0,0
50118723363,6,1,1,36,0,0,0
50118723363,8,3,0,64,0,0,0
50118723363,9,0,2,81,0,0,0
50118723363,12,2,1,144,0,0,0
50118723363,16,4,0,256,0,0,0
50118723363,18,1,2,324,0,0,0
50118723363,24,3,1,576,0,0,0
50118723363,27,0,3,729,0,0,0
50118723363,36,2,2,1296,0,0,0
50118723363,48,4,1,2304,0,0,0
50118723363,54,1,3,2916,0,0,0
50118723363,72,3,2,5184,0,0,0
50118723363,81,0,4,6561,0,0,0
50118723363,108,2,3,11664,0,0,0
50118723363,144,4,2,19090,650,7,989
50118723363,162,1,4,20272,1334,22,4616
50118723363,216,3,3,20663,1597,37,24359
50118723363,324,2,4,20663,1597,37,82679
50118723363,432,4,3,20663,1597,37,164327
50118723363,648,3,4,20663,1597,37,397607
50118723363,729,0,6,20663,1597,37,509144
50118723363,1296,4,4,20663,1597,37,1657319
50118723363,19683,0,9,20663,1597,37,387398192
63095734448,1,0,0,1,0,0,0
63095734448,2,1,0,4,0,0,0
63095734448,3,0,1,9,0,0,0
63095734448,4,2,0,16,0,0,0
63095734448,6,1,1,36,0,0,0
63095734448,8,3,0,64,0,0,0
63095734448,9,0,2,81,0,0,0
63095734448,12,2,1,144,0,0,0
63095734448,16,4,0,256,0,0,0
63095734448,18,1,2,324,0,0,0
63095734448,24,3,1,576,0,0,0
63095734448,27,0,3,729,0,0,0
63095734448,36,2,2,1296,0,0,0
63095734448,48,4,1,2304,0,0,0
63095734448,54,1,3,2916,0,0,0
63095734448,72,3,2,5184,0,0,0
63095734448,81,0,4,6561,0,0,0
63095734448,108,2,3,11664,0,0,0
63095734448,144,4,2,19269,582,9,876
63095734448,162,1,4,20579,1303,21,4341
63095734448,216,3,3,21008,1574,33,24041
63095734448,324,2,4,21008,1574,33,82361
63095734448,432,4,3,21008,1574,33,164009
63095734448,648,3,4,21008,1574,33,397289
63095734448,729,0,6,21008,1574,33,508826
63095734448,1296,4,4,21008,1574,33,1657001
63095734448,19683,0,9,21008,1574,33,387397874
79432823472,1,0,0,1,0,0,0
79432823472,2,1,0,4,0,0,0
79432823472,3,0,1,9,0,0,0
79432823472,4,2,0,16,0,0,0
79432823472,6,1,1,36,0,0,0
79432823472,8,3,0,64,0,0,0
79432823472,9,0,2,81,0,0,0
79432823472,12,2,1,144,0,0,0
79432823472,16,4,0,256,0,0,0
79432823472,18,1,2,324,0,0,0
79432823472,24,3,1,576,0,0,0
79432823472,27,0,3,729,0,0,0
79432823472,36,2,2,1296,0,0,0
79432823472,48,4,1,2304,0,0,0
79432823472,54,1,3,2916,0,0,0
79432823472,72,3,2,5184,0,0,0
79432823472,81,0,4,6561,0,0,0
79432823472,108,2,3,11664,0,0,0
79432823472,144,4,2,19412,518,2,804
79432823472,162,1,4,20864,1278,34,4068
79432823472,216,3,3,21351,1556,43,23706
79432823472,324,2,4,21351,1556,43,82026
79432823472,432,4,3,21351,1556,43,163674
79432823472,648,3,4,21351,1556,43,396954
79432823472,729,0,6,21351,1556,43,508491
79432823472,1296,4,4,21351,1556,43,1656666
79432823472,19683,0,9,21351,1556,43,387397539
100000000000,1,0,0,1,0,0,0
100000000000,2,1,0,4,0,0,0
100000000000,3,0,1,9,0,0,0
100000000000,4,2,0,16,0,0,0
100000000000,6,1,1,36,0,0,0
100000000000,8,3,0,64,0,0,0
100000000000,9,0,2,81,0,0,0
100000000000,12,2,1,144,0,0,0
100000000000,16,4,0,256,0,0,0
100000000000,18,1,2,324,0,0,0
100000000000,24,3,1,576,0,0,0
100000000000,27,0,3,729,0,0,0
100000000000,36,2,2,1296,0,0,0
100000000000,48,4,1,2304,0,0,0
100000000000,54,1,3,2916,0,0,0
100000000000,72,3,2,5184,0,0,0
100000000000,81,0,4,6561,0,0,0
100000000000,108,2,3,11664,0,0,0
100000000000,144,4,2,19530,497,10,699
100000000000,162,1,4,21100,1286,51,3807
100000000000,216,3,3,21632,1582,54,23388
100000000000,324,2,4,21632,1582,54,81708
100000000000,432,4,3,21632,1582,54,163356
100000000000,648,3,4,21632,1582,54,396636
100000000000,729,0,6,21632,1582,54,508173
100000000000,1296,4,4,21632,1582,54,1656348
100000000000,19683,0,9,21632,1582,54,387397221
