k,i,j,count
1,0,0,999999999
2,0,0,248206785
2,0,1,251032932
2,1,0,249225104
2,1,1,251535178
3,0,0,112576675
3,0,1,112080359
3,0,2,108990314
3,1,0,111824069
3,1,1,112253124
3,1,2,109405935
3,2,0,111853943
3,2,1,111167855
3,2,2,109847725
4,0,0,60064093
4,0,1,61677730
4,0,2,64107505
4,0,3,62896096
4,1,0,60871841
4,1,1,61729325
4,1,2,63982458
4,1,3,63166138
4,2,0,60426428
4,2,1,62443597
4,2,2,63608759
4,2,3,64015509
4,3,0,60363083
4,3,1,62482812
4,3,2,64007722
4,3,3,64156903
6,0,0,28505699
6,0,1,25386861
6,0,2,25746185
6,0,3,29349226
6,0,4,28629414
6,0,5,29289765
6,1,0,27094663
6,1,1,26335676
6,1,2,26417470
6,1,3,28531255
6,1,4,28389780
6,1,5,30048430
6,2,0,26695806
6,2,1,26801266
6,2,2,26584649
6,2,3,27032288
6,2,4,29269261
6,2,5,29283443
6,3,0,27331994
6,3,1,27035152
6,3,2,26060716
6,3,3,27389756
6,3,4,31028932
6,3,5,27893648
6,4,0,27508636
6,4,1,27284338
6,4,2,25023805
6,4,3,28689515
6,4,4,30243330
6,4,5,27916230
6,5,0,28778342
6,5,1,26165312
6,5,2,25191191
6,5,3,29347507
6,5,4,28932016
6,5,5,28788442
8,0,0,18452677
8,0,1,14813955
8,0,2,19684089
8,0,3,17225753
8,0,4,14611924
8,0,5,19107595
8,0,6,15935883
8,0,7,18139369
8,1,0,14240896
8,1,1,14896829
8,1,2,13633053
8,1,3,14978385
8,1,4,14429817
8,1,5,13555880
8,1,6,15317758
8,1,7,13959514
8,2,0,16588076
8,2,1,13850752
8,2,2,16817488
8,2,3,16323482
8,2,4,12602402
8,2,5,17615804
8,2,6,15109755
8,2,7,15677699
8,3,0,15154713
8,3,1,17656032
8,3,2,16457809
8,3,3,17408982
8,3,4,17638263
8,3,5,15483788
8,3,6,17787775
8,3,7,17187744
8,4,0,14549984
8,4,1,12331337
8,4,2,15670184
8,4,3,13681609
8,4,4,12449508
8,4,5,15424843
8,4,6,12817349
8,4,7,13849365
8,5,0,14510987
8,5,1,18600911
8,5,2,15563842
8,5,3,17702800
8,5,4,17690141
8,5,5,14675705
8,5,6,19467805
8,5,7,16525439
8,6,0,15630251
8,6,1,15161120
8,6,2,16270708
8,6,3,15513711
8,6,4,15605699
8,6,5,15815921
8,6,6,15410808
8,6,7,16500617
8,7,0,11707541
8,7,1,16955457
8,7,2,13638329
8,7,3,14398701
8,7,4,15862566
8,7,5,12387535
8,7,6,16123809
8,7,7,15161476
9,0,0,15407356
9,0,1,13979332
9,0,2,12489891
9,0,3,9459250
9,0,4,9003839
9,0,5,10588900
9,0,6,12545572
9,0,7,13318901
9,0,8,15224536
9,1,0,11052146
9,1,1,12274315
9,1,2,13236088
9,1,3,15151490
9,1,4,14308936
9,1,5,13183940
9,1,6,11178864
9,1,7,8697819
9,1,8,9040353
9,2,0,12335641
9,2,1,9874208
9,2,2,8311008
9,2,3,10379462
9,2,4,11497999
9,2,5,11958761
9,2,6,13386241
9,2,7,14610678
9,2,8,13302829
9,3,0,11684228
9,3,1,13404590
9,3,2,13811823
9,3,3,12478818
9,3,4,11379396
9,3,5,8732921
9,3,6,11222809
9,3,7,12197666
9,3,8,11198777
9,4,0,12153468
9,4,1,13051314
9,4,2,11961443
9,4,3,10869067
9,4,4,11557352
9,4,5,13283159
9,4,6,12865800
9,4,7,11786099
9,4,8,11096102
9,5,0,12938344
9,5,1,11940666
9,5,2,11787776
9,5,3,14204556
9,5,4,13707756
9,5,5,13923799
9,5,6,11169516
9,5,7,10504772
9,5,8,11574462
9,6,0,12845587
9,6,1,10417650
9,6,2,10214374
9,6,3,11627613
9,6,4,12365696
9,6,5,11943200
9,6,6,15305442
9,6,7,16013289
9,6,8,14785892
9,7,0,14630895
9,7,1,16766220
9,7,2,15381729
9,7,3,13884987
9,7,4,12140938
9,7,5,9683203
9,7,6,10037352
9,7,7,11670131
9,7,8,12539918
9,8,0,9250359
9,8,1,10055945
9,8,2,12223039
9,8,3,13358412
9,8,4,15291146
9,8,5,16098587
9,8,6,14831412
9,8,7,13684685
9,8,8,10667464
12,0,0,10498390
12,0,1,3906732
12,0,2,7094051
12,0,3,9301276
12,0,4,4076554
12,0,5,7019535
12,0,6,7434533
12,0,7,5033548
12,0,8,6802000
12,0,9,9204976
12,0,10,6986344
12,0,11,7077708
12,1,0,4930018
12,1,1,7001989
12,1,2,9681709
12,1,3,4821218
12,1,4,7724074
12,1,5,10951592
12,1,6,4549550
12,1,7,8305793
12,1,8,4322780
12,1,9,4532768
12,1,10,8074166
12,1,11,6912298
12,2,0,9422036
12,2,1,3316869
12,2,2,5189029
12,2,3,9163414
12,2,4,5792287
12,2,5,5442480
12,2,6,7655554
12,2,7,9863479
12,2,8,5548380
12,2,9,8371159
12,2,10,9325921
12,2,11,5260696
12,3,0,8389793
12,3,1,6255351
12,3,2,9224470
12,3,3,6535634
12,3,4,6111430
12,3,5,10115740
12,3,6,3582862
12,3,7,6063229
12,3,8,7568265
12,3,9,4750306
12,3,10,6053609
12,3,11,8212243
12,4,0,7020999
12,4,1,6518827
12,4,2,4445031
12,4,3,6904889
12,4,4,8670638
12,4,5,6586786
12,4,6,6833871
12,4,7,10177658
12,4,8,3954807
12,4,9,7179415
12,4,10,10737871
12,4,11,3963576
12,5,0,10900285
12,5,1,4593241
12,5,2,8252858
12,5,3,8085180
12,5,4,4485010
12,5,5,8147083
12,5,6,5616741
12,5,7,4780903
12,5,8,7572537
12,5,9,8982444
12,5,10,5253358
12,5,11,7394901
12,6,0,5300774
12,6,1,7336151
12,6,2,8676409
12,6,3,5613607
12,6,4,8101026
12,6,5,10637164
12,6,6,5272002
12,6,7,9110430
12,6,8,3173725
12,6,9,5229367
12,6,10,9465490
12,6,11,4555358
12,7,0,9865597
12,7,1,3485845
12,7,2,6079047
12,7,3,10199916
12,7,4,4031705
12,7,5,5993019
12,7,6,7749498
12,7,7,7542049
12,7,8,6333934
12,7,9,8977353
12,7,10,8559835
12,7,11,6191521
12,8,0,5726964
12,8,1,6591966
12,8,2,9730720
12,8,3,5288791
12,8,4,7197221
12,8,5,10460569
12,8,6,3891252
12,8,7,7028952
12,8,8,6116520
12,8,9,4208924
12,8,10,6953832
12,8,11,8119698
12,9,0,8236713
12,9,1,4416223
12,9,2,4643367
12,9,3,8058751
12,9,4,8075810
12,9,5,5058920
12,9,6,7122626
12,9,7,10300349
12,9,8,4624614
12,9,9,8045065
12,9,10,10788083
12,9,11,4506745
12,10,0,9925882
12,10,1,5387147
12,10,2,8726054
12,10,3,7353078
12,10,4,5264405
12,10,5,9471127
12,10,6,3727884
12,10,7,5200706
12,10,8,7897913
12,10,9,7252133
12,10,10,5570416
12,10,11,7894741
12,11,0,6011661
12,11,1,7297039
12,11,2,5962035
12,11,3,6201639
12,11,4,8646937
12,11,5,9529915
12,11,6,6249655
12,11,7,9494129
12,11,8,3403761
12,11,9,6078244
12,11,10,10546711
12,11,11,3716543
16,0,0,4148685
16,0,1,2712859
16,0,2,8281337
16,0,3,2798405
16,0,4,7307545
16,0,5,2937165
16,0,6,1992417
16,0,7,2348949
16,0,8,8794962
16,0,9,3047114
16,0,10,6162448
16,0,11,2920556
16,0,12,1729149
16,0,13,2366376
16,0,14,8134080
16,0,15,3012861
16,1,0,1974753
16,1,1,5378707
16,1,2,1817581
16,1,3,5588213
16,1,4,1756738
16,1,5,4990061
16,1,6,2397138
16,1,7,4732690
16,1,8,1553114
16,1,9,5796145
16,1,10,1969454
16,1,11,5843679
16,1,12,1997573
16,1,13,4882599
16,1,14,1479753
16,1,15,5434319
16,2,0,4020028
16,2,1,5552663
16,2,2,3595994
16,2,3,1213455
16,2,4,3704032
16,2,5,8807267
16,2,6,3914926
16,2,7,2731025
16,2,8,3108013
16,2,9,1037727
16,2,10,4049946
16,2,11,8163712
16,2,12,3882617
16,2,13,1397704
16,2,14,3071109
16,2,15,5225005
16,3,0,7227125
16,3,1,2628913
16,3,2,4086097
16,3,3,2422968
16,3,4,7406837
16,3,5,2333274
16,3,6,6525379
16,3,7,2550927
16,3,8,2895111
16,3,9,2092362
16,3,10,7695564
16,3,11,2616945
16,3,12,5671694
16,3,13,2556234
16,3,14,6346326
16,3,15,1987496
16,4,0,1255321
16,4,1,4867354
16,4,2,4712342
16,4,3,4802020
16,4,4,1616641
16,4,5,4716416
16,4,6,1454253
16,4,7,5197061
16,4,8,3301108
16,4,9,4183027
16,4,10,1395748
16,4,11,5042968
16,4,12,1682432
16,4,13,5159877
16,4,14,1896204
16,4,15,4105224
16,5,0,2667673
16,5,1,9065059
16,5,2,3505101
16,5,3,5450140
16,5,4,3205911
16,5,5,1075739
16,5,6,3097775
16,5,7,8658707
16,5,8,3402423
16,5,9,2869847
16,5,10,2775938
16,5,11,6025559
16,5,12,3477689
16,5,13,7503932
16,5,14,3381623
16,5,15,1336821
16,6,0,5493239
16,6,1,1690902
16,6,2,6404986
16,6,3,2291187
16,6,4,4933485
16,6,5,2151665
16,6,6,6252461
16,6,7,1933803
16,6,8,5812288
16,6,9,2225782
16,6,10,5546808
16,6,11,1877952
16,6,12,6691564
16,6,13,2231377
16,6,14,5158335
16,6,15,2218418
16,7,0,1826811
16,7,1,3482938
16,7,2,1083517
16,7,3,4667988
16,7,4,6432779
16,7,5,4274080
16,7,6,1431518
16,7,7,3954168
16,7,8,1200601
16,7,9,4540378
16,7,10,3905172
16,7,11,3730241
16,7,12,1259763
16,7,13,4409473
16,7,14,6581036
16,7,15,4496550
16,8,0,2936978
16,8,1,1331325
16,8,2,2277790
16,8,3,8517637
16,8,4,3052327
16,8,5,5255711
16,8,6,2845927
16,8,7,5952044
16,8,8,2572052
16,8,9,7722657
16,8,10,2962514
16,8,11,2989155
16,8,12,2522903
16,8,13,8548343
16,8,14,2963459
16,8,15,6825515
16,9,0,5467809
16,9,1,2124432
16,9,2,4673584
16,9,3,1464217
16,9,4,5661314
16,9,5,1993388
16,9,6,5661286
16,9,7,1903153
16,9,8,5245220
16,9,9,1597545
16,9,10,5172434
16,9,11,2082276
16,9,12,5014192
16,9,13,1689832
16,9,14,5779581
16,9,15,1889352
16,10,0,8192968
16,10,1,3904526
16,10,2,1830337
16,10,3,2993141
16,10,4,968929
16,10,5,4067752
16,10,6,6986725
16,10,7,3786096
16,10,8,1267067
16,10,9,3355836
16,10,10,7341211
16,10,11,3953174
16,10,12,4046824
16,10,13,3343081
16,10,14,1136995
16,10,15,3935573
16,11,0,2509412
16,11,1,6155752
16,11,2,2546540
16,11,3,5494284
16,11,4,1975804
16,11,5,7525295
16,11,6,2650346
16,11,7,4985103
16,11,8,2523065
16,11,9,6779005
16,11,10,2129608
16,11,11,6874785
16,11,12,2583928
16,11,13,3068985
16,11,14,2265724
16,11,15,7664218
16,12,0,4954532
16,12,1,1589092
16,12,2,5178772
16,12,3,2513912
16,12,4,4025160
16,12,5,1289380
16,12,6,4982784
16,12,7,3026406
16,12,8,5039023
16,12,9,1691864
16,12,10,4383322
16,12,11,1322709
16,12,12,5125275
16,12,13,4259170
16,12,14,4484108
16,12,15,1520674
16,13,0,1830789
16,13,1,3331583
16,13,2,8151075
16,13,3,3386954
16,13,4,1892589
16,13,5,2646185
16,13,6,8856260
16,13,7,3528008
16,13,8,6610102
16,13,9,3334422
16,13,10,1131728
16,13,11,2840147
16,13,12,9113952
16,13,13,3449849
16,13,14,4132147
16,13,15,3001903
16,14,0,2033680
16,14,1,6569598
16,14,2,2107086
16,14,3,5515718
16,14,4,2212308
16,14,5,5316841
16,14,6,1740986
16,14,7,6619828
16,14,8,2291044
16,14,9,4674838
16,14,10,2211828
16,14,11,5828854
16,14,12,1768342
16,14,13,6116038
16,14,14,2259026
16,14,15,5728568
16,15,0,4020104
16,15,1,1362352
16,15,2,4215589
16,15,3,4482061
16,15,4,4509146
16,15,5,2601228
16,15,6,3515733
16,15,7,1151012
16,15,8,4660025
16,15,9,7569789
16,15,10,4434051
16,15,11,1518411
16,15,12,3660878
16,15,13,1102754
16,15,14,4595522
16,15,15,5559746
18,0,0,8417633
18,0,1,2848113
18,0,2,6584276
18,0,3,3286083
18,0,4,1109013
18,0,5,3767513
18,0,6,1075061
18,0,7,5894311
18,0,8,2103576
18,0,9,2719888
18,0,10,2030704
18,0,11,712658
18,0,12,3407802
18,0,13,1036739
18,0,14,4518566
18,0,15,1515145
18,0,16,4093812
18,0,17,1252597
18,1,0,810162
18,1,1,5541136
18,1,2,1843372
18,1,3,4719053
18,1,4,2201287
18,1,5,736481
18,1,6,2317434
18,1,7,649389
18,1,8,4230161
18,1,9,1525329
18,1,10,4002495
18,1,11,1394062
18,1,12,7088376
18,1,13,2204720
18,1,14,7794640
18,1,15,3069640
18,1,16,1375651
18,1,17,2629181
18,2,0,1680567
18,2,1,535258
18,2,2,3775999
18,2,3,2490476
18,2,4,4356163
18,2,5,1470614
18,2,6,5012236
18,2,7,1435827
18,2,8,7834605
18,2,9,2804330
18,2,10,3684659
18,2,11,2732989
18,2,12,954775
18,2,13,4514890
18,2,14,1375062
18,2,15,5288069
18,2,16,2014641
18,2,17,1044237
18,3,0,3553270
18,3,1,1101703
18,3,2,7358071
18,3,3,2451115
18,3,4,6255963
18,3,5,2924890
18,3,6,978872
18,3,7,3083084
18,3,8,869987
18,3,9,5232887
18,3,10,1840656
18,3,11,2831416
18,3,12,1863346
18,3,13,653231
18,3,14,2923508
18,3,15,4009615
18,3,16,4076550
18,3,17,1527269
18,4,0,1449583
18,4,1,2274176
18,4,2,728658
18,4,3,4817736
18,4,4,1578381
18,4,5,4420426
18,4,6,1950095
18,4,7,649337
18,4,8,1917426
18,4,9,4820109
18,4,10,3733993
18,4,11,3771221
18,4,12,3674797
18,4,13,1277452
18,4,14,5984878
18,4,15,1827231
18,4,16,7006036
18,4,17,2682713
18,5,0,1760819
18,5,1,1134661
18,5,2,1495919
18,5,3,5577822
18,5,4,3256703
18,5,5,7097105
18,5,6,3888256
18,5,7,1297806
18,5,8,4108229
18,5,9,1166680
18,5,10,6955324
18,5,11,2451476
18,5,12,3812281
18,5,13,2498135
18,5,14,872479
18,5,15,3783812
18,5,16,1131905
18,5,17,4728906
18,6,0,3572973
18,6,1,2009560
18,6,2,3078732
18,6,3,990485
18,6,4,6394336
18,6,5,2095459
18,6,6,5851534
18,6,7,2586193
18,6,8,866069
18,6,9,2519605
18,6,10,709616
18,6,11,4631099
18,6,12,1606549
18,6,13,2906831
18,6,14,1709853
18,6,15,5595417
18,6,16,2426582
18,6,17,8407172
18,7,0,6271086
18,7,1,2345622
18,7,2,1572982
18,7,3,2007511
18,7,4,667391
18,7,5,4163173
18,7,6,1340542
18,7,7,4152602
18,7,8,1715611
18,7,9,4699919
18,7,10,1564414
18,7,11,8698553
18,7,12,3264480
18,7,13,5129586
18,7,14,3348964
18,7,15,1163602
18,7,16,5015773
18,7,17,1503338
18,8,0,923671
18,8,1,4265359
18,8,2,1541734
18,8,3,3881319
18,8,4,1343732
18,8,5,8156058
18,8,6,2782232
18,8,7,7748248
18,8,8,3436189
18,8,9,1157836
18,8,10,3365150
18,8,11,956929
18,8,12,6154187
18,8,13,2138005
18,8,14,3865684
18,8,15,2275650
18,8,16,789935
18,8,17,3146069
18,9,0,1997632
18,9,1,8319787
18,9,2,3127604
18,9,3,2177183
18,9,4,2721413
18,9,5,904750
18,9,6,5522611
18,9,7,1778480
18,9,8,5399575
18,9,9,2272203
18,9,10,780728
18,9,11,2065353
18,9,12,588182
18,9,13,4136674
18,9,14,1398071
18,9,15,4432755
18,9,16,1552298
18,9,17,6468788
18,10,0,4174496
18,10,1,1228784
18,10,2,5596202
18,10,3,2055441
18,10,4,1723173
18,10,5,1806036
18,10,6,618281
18,10,7,3630306
18,10,8,1130197
18,10,9,4542159
18,10,10,1501900
18,10,11,4402452
18,10,12,1288620
18,10,13,8179756
18,10,14,2846783
18,10,15,5173509
18,10,16,3042473
18,10,17,1050814
18,11,0,708940
18,11,1,2636108
18,11,2,748812
18,11,3,4163535
18,11,4,1830719
18,11,5,3683421
18,11,6,1225673
18,11,7,7325647
18,11,8,2362067
18,11,9,7141804
18,11,10,3018183
18,11,11,1053208
18,11,12,2770676
18,11,13,796227
18,11,14,5429664
18,11,15,1860263
18,11,16,3834563
18,11,17,2061920
18,12,0,1398944
18,12,1,5540041
18,12,2,1634194
18,12,3,7433931
18,12,4,2739794
18,12,5,2369876
18,12,6,2444777
18,12,7,834665
18,12,8,4736272
18,12,9,1499127
18,12,10,4922190
18,12,11,1988142
18,12,12,730426
18,12,13,1730408
18,12,14,514647
18,12,15,3789545
18,12,16,4203367
18,12,17,4065249
18,13,0,2749230
18,13,1,942520
18,13,2,3450678
18,13,3,997066
18,13,4,4986668
18,13,5,1800050
18,13,6,1873885
18,13,7,1655250
18,13,8,1383257
18,13,9,3134546
18,13,10,6100625
18,13,11,4010886
18,13,12,1379468
18,13,13,3714851
18,13,14,1077805
18,13,15,7214589
18,13,16,2475476
18,13,17,5112706
18,14,0,3729104
18,14,1,1861895
18,14,2,1327257
18,14,3,2173679
18,14,4,6955434
18,14,5,3651981
18,14,6,2818260
18,14,7,3304300
18,14,8,1125885
18,14,9,6281741
18,14,10,1988786
18,14,11,6513124
18,14,12,2640774
18,14,13,997484
18,14,14,2302234
18,14,15,679188
18,14,16,4770761
18,14,17,1611442
18,15,0,5980998
18,15,1,3665710
18,15,2,1251518
18,15,3,4583917
18,15,4,1327853
18,15,5,6625402
18,15,6,2400421
18,15,7,2559807
18,15,8,2219896
18,15,9,772011
18,15,10,4032764
18,15,11,1253025
18,15,12,4446662
18,15,13,1736676
18,15,14,1512486
18,15,15,1458070
18,15,16,8440707
18,15,17,3292755
18,16,0,2142153
18,16,1,4954937
18,16,2,2469976
18,16,3,835923
18,16,4,2833325
18,16,5,805626
18,16,6,4433538
18,16,7,1578954
18,16,8,2984245
18,16,9,1517737
18,16,10,7901247
18,16,11,2640218
18,16,12,7777073
18,16,13,3510636
18,16,14,1365440
18,16,15,3099670
18,16,16,922802
18,16,17,6336724
18,17,0,4172710
18,17,1,1388361
18,17,2,4377372
18,17,3,1661450
18,17,4,5922412
18,17,5,1770042
18,17,6,8777531
18,17,7,3201370
18,17,8,3489846
18,17,9,2996142
18,17,10,1037075
18,17,11,5347004
18,17,12,1661456
18,17,13,5886997
18,17,14,2306803
18,17,15,995999
18,17,16,1945132
18,17,17,595360
24,0,0,8081364
24,0,1,2634248
24,0,2,829269
24,0,3,2293146
24,0,4,1280995
24,0,5,508065
24,0,6,198215
24,0,7,1504675
24,0,8,400338
24,0,9,7084184
24,0,10,2467671
24,0,11,821877
24,0,12,359254
24,0,13,617103
24,0,14,189343
24,0,15,5071184
24,0,16,2198448
24,0,17,632471
24,0,18,5383216
24,0,19,2100614
24,0,20,725827
24,0,21,243867
24,0,22,917223
24,0,23,230906
24,1,0,132984
24,1,1,5308437
24,1,2,1709224
24,1,3,672737
24,1,4,1814496
24,1,5,934507
24,1,6,368098
24,1,7,3331772
24,1,8,904077
24,1,9,236214
24,1,10,4774950
24,1,11,1644439
24,1,12,618694
24,1,13,352246
24,1,14,394843
24,1,15,132771
24,1,16,4667446
24,1,17,1369224
24,1,18,384627
24,1,19,3781601
24,1,20,1425921
24,1,21,486064
24,1,22,2063229
24,1,23,536451
24,2,0,312102
24,2,1,76432
24,2,2,3466311
24,2,3,1099890
24,2,4,3114109
24,2,5,1728682
24,2,6,679843
24,2,7,262773
24,2,8,2010940
24,2,9,537523
24,2,10,6489669
24,2,11,3206992
24,2,12,1094303
24,2,13,503659
24,2,14,851704
24,2,15,264487
24,2,16,97852
24,2,17,2917801
24,2,18,840880
24,2,19,7129088
24,2,20,2770840
24,2,21,960857
24,2,22,323457
24,2,23,1236305
24,3,0,723076
24,3,1,180176
24,3,2,7041253
24,3,3,2267205
24,3,4,702099
24,3,5,2449410
24,3,6,1255300
24,3,7,489528
24,3,8,976333
24,3,9,1205522
24,3,10,316908
24,3,11,6342099
24,3,12,2188994
24,3,13,726062
24,3,14,400321
24,3,15,547893
24,3,16,185740
24,3,17,6009664
24,3,18,1811707
24,3,19,512605
24,3,20,5001281
24,3,21,1887894
24,3,22,643922
24,3,23,214349
24,4,0,1664908
24,4,1,422352
24,4,2,104230
24,4,3,4595058
24,4,4,1458086
24,4,5,3009503
24,4,6,1895938
24,4,7,907991
24,4,8,348482
24,4,9,2687464
24,4,10,720602
24,4,11,185372
24,4,12,4262429
24,4,13,1455986
24,4,14,707575
24,4,15,1152660
24,4,16,368019
24,4,17,136605
24,4,18,3874216
24,4,19,1119546
24,4,20,309499
24,4,21,3468599
24,4,22,1273242
24,4,23,428841
24,5,0,284846
24,5,1,976685
24,5,2,245164
24,5,3,5146820
24,5,4,2979269
24,5,5,930477
24,5,6,3302413
24,5,7,1685337
24,5,8,651353
24,5,9,244796
24,5,10,1613267
24,5,11,425665
24,5,12,8399646
24,5,13,2892789
24,5,14,965739
24,5,15,567415
24,5,16,758848
24,5,17,259495
24,5,18,103676
24,5,19,2405742
24,5,20,682619
24,5,21,6615680
24,5,22,2501967
24,5,23,852917
24,6,0,568864
24,6,1,209408
24,6,2,570313
24,6,3,141911
24,6,4,6092139
24,6,5,1932665
24,6,6,589301
24,6,7,2544417
24,6,8,1212995
24,6,9,461997
24,6,10,3511442
24,6,11,962114
24,6,12,249112
24,6,13,5664476
24,6,14,1936596
24,6,15,638427
24,6,16,472067
24,6,17,512201
24,6,18,190170
24,6,19,5144617
24,6,20,1489240
24,6,21,412728
24,6,22,4587491
24,6,23,1686571
24,7,0,1130866
24,7,1,378200
24,7,2,1318048
24,7,3,332354
24,7,4,82062
24,7,5,3949062
24,7,6,1233189
24,7,7,4449191
24,7,8,2222670
24,7,9,866336
24,7,10,323633
24,7,11,2159473
24,7,12,571146
24,7,13,144592
24,7,14,3794441
24,7,15,1284408
24,7,16,803716
24,7,17,1051517
24,7,18,360930
24,7,19,143707
24,7,20,3196721
24,7,21,909318
24,7,22,5403729
24,7,23,3151775
24,8,0,2235530
24,8,1,754584
24,8,2,250901
24,8,3,770659
24,8,4,193056
24,8,5,7746950
24,8,6,2543309
24,8,7,780299
24,8,8,3410459
24,8,9,1619147
24,8,10,612707
24,8,11,224374
24,8,12,1289017
24,8,13,335017
24,8,14,7525906
24,8,15,2575650
24,8,16,848337
24,8,17,670091
24,8,18,710682
24,8,19,264220
24,8,20,806955
24,8,21,1971304
24,8,22,550560
24,8,23,6070863
24,9,0,4169293
24,9,1,1499197
24,9,2,502466
24,9,3,1722770
24,9,4,450068
24,9,5,112138
24,9,6,5234527
24,9,7,1634396
24,9,8,490222
24,9,9,2572116
24,9,10,1152649
24,9,11,428611
24,9,12,2890567
24,9,13,766485
24,9,14,195012
24,9,15,5043265
24,9,16,1707344
24,9,17,763213
24,9,18,569534
24,9,19,500922
24,9,20,198350
24,9,21,4250022
24,9,22,1210921
24,9,23,331076
24,10,0,7192275
24,10,1,2899714
24,10,2,1002200
24,10,3,333772
24,10,4,1043168
24,10,5,262386
24,10,6,65719
24,10,7,3369144
24,10,8,1035357
24,10,9,4566046
24,10,10,2158253
24,10,11,812738
24,10,12,296417
24,10,13,1726527
24,10,14,450702
24,10,15,4405588
24,10,16,3366336
24,10,17,1126639
24,10,18,947868
24,10,19,984487
24,10,20,365671
24,10,21,151083
24,10,22,2622049
24,10,23,734579
24,11,0,441542
24,11,1,5520603
24,11,2,1990971
24,11,3,667458
24,11,4,222127
24,11,5,609632
24,11,6,153085
24,11,7,6938541
24,11,8,2167728
24,11,9,649507
24,11,10,3430324
24,11,11,1532769
24,11,12,567506
24,11,13,202613
24,11,14,1024417
24,11,15,262985
24,11,16,6698860
24,11,17,2268581
24,11,18,740090
24,11,19,803051
24,11,20,693635
24,11,21,272964
24,11,22,5482876
24,11,23,1605665
24,12,0,979474
24,12,1,263347
24,12,2,3763722
24,12,3,1330885
24,12,4,444680
24,12,5,1408947
24,12,6,356734
24,12,7,90411
24,12,8,4464895
24,12,9,1372663
24,12,10,3395074
24,12,11,2537197
24,12,12,1078298
24,12,13,392034
24,12,14,2311717
24,12,15,606061
24,12,16,152431
24,12,17,4470052
24,12,18,1496368
24,12,19,1337848
24,12,20,1210940
24,12,21,504262
24,12,22,206376
24,12,23,3487728
24,13,0,2138140
24,13,1,589615
24,13,2,7310166
24,13,3,2641826
24,13,4,887343
24,13,5,296457
24,13,6,825111
24,13,7,209743
24,13,8,863857
24,13,9,2852652
24,13,10,861453
24,13,11,4575311
24,13,12,2040200
24,13,13,751691
24,13,14,267476
24,13,15,1373884
24,13,16,354789
24,13,17,8351404
24,13,18,2971714
24,13,19,982677
24,13,20,1128925
24,13,21,957838
24,13,22,374534
24,13,23,156097
24,14,0,4641830
24,14,1,1305799
24,14,2,352755
24,14,3,4986963
24,14,4,1768338
24,14,5,589966
24,14,6,199579
24,14,7,484152
24,14,8,124159
24,14,9,5918962
24,14,10,1819435
24,14,11,536414
24,14,12,3373801
24,14,13,1430979
24,14,14,518259
24,14,15,2812074
24,14,16,811988
24,14,17,206031
24,14,18,5935252
24,14,19,1987466
24,14,20,642441
24,14,21,953817
24,14,22,693360
24,14,23,280985
24,15,0,210915
24,15,1,2847338
24,15,2,787780
24,15,3,3367273
24,15,4,3379020
24,15,5,1179439
24,15,6,396615
24,15,7,1118195
24,15,8,286055
24,15,9,75348
24,15,10,3781205
24,15,11,1143403
24,15,12,5266808
24,15,13,2501775
24,15,14,995116
24,15,15,353263
24,15,16,1844571
24,15,17,477227
24,15,18,119240
24,15,19,3942901
24,15,20,1304596
24,15,21,1581542
24,15,22,1311574
24,15,23,512392
24,16,0,382040
24,16,1,157562
24,16,2,1733643
24,16,3,472156
24,16,4,6606637
24,16,5,2349743
24,16,6,785347
24,16,7,268824
24,16,8,658265
24,16,9,170733
24,16,10,7417630
24,16,11,2397410
24,16,12,711622
24,16,13,4482927
24,16,14,1899583
24,16,15,685015
24,16,16,237896
24,16,17,1090935
24,16,18,278370
24,16,19,7881297
24,16,20,2638561
24,16,21,852619
24,16,22,1326397
24,16,23,951953
24,17,0,699543
24,17,1,284944
24,17,2,3792372
24,17,3,1052959
24,17,4,280733
24,17,5,4483391
24,17,6,1568458
24,17,7,528609
24,17,8,1003827
24,17,9,389764
24,17,10,105037
24,17,11,5013131
24,17,12,1516250
24,17,13,438823
24,17,14,3249583
24,17,15,1317986
24,17,16,466160
24,17,17,2473720
24,17,18,642194
24,17,19,161215
24,17,20,5234738
24,17,21,1732204
24,17,22,1033087
24,17,23,1103188
24,18,0,1304318
24,18,1,517911
24,18,2,211352
24,18,3,2313157
24,18,4,631323
24,18,5,7877929
24,18,6,3026923
24,18,7,1046104
24,18,8,363399
24,18,9,894317
24,18,10,235347
24,18,11,68066
24,18,12,3178480
24,18,13,944356
24,18,14,5958148
24,18,15,2520112
24,18,16,905497
24,18,17,314369
24,18,18,1465608
24,18,19,375292
24,18,20,108091
24,18,21,3460325
24,18,22,1131210
24,18,23,1838607
24,19,0,1518350
24,19,1,952040
24,19,2,383817
24,19,3,4275002
24,19,4,1399608
24,19,5,376462
24,19,6,5945621
24,19,7,2087026
24,19,8,696765
24,19,9,253961
24,19,10,532981
24,19,11,146668
24,19,12,6645235
24,19,13,2011013
24,19,14,582741
24,19,15,4308152
24,19,16,1746319
24,19,17,615978
24,19,18,209758
24,19,19,862125
24,19,20,217778
24,19,21,6947738
24,19,22,2299492
24,19,23,733605
24,20,0,2106461
24,20,1,1287951
24,20,2,700930
24,20,3,283493
24,20,4,3083027
24,20,5,845361
24,20,6,222016
24,20,7,4016316
24,20,8,1392513
24,20,9,492736
24,20,10,1199797
24,20,11,324093
24,20,12,95956
24,20,13,4214414
24,20,14,1252983
24,20,15,1658989
24,20,16,3072801
24,20,17,1198167
24,20,18,415245
24,20,19,1968117
24,20,20,506593
24,20,21,125737
24,20,22,4590768
24,20,23,1500368
24,21,0,972303
24,21,1,2083808
24,21,2,1295203
24,21,3,517396
24,21,4,207244
24,21,5,1869610
24,21,6,503695
24,21,7,7887633
24,21,8,2775697
24,21,9,928497
24,21,10,348329
24,21,11,729965
24,21,12,204550
24,21,13,66733
24,21,14,2650686
24,21,15,775320
24,21,16,5711154
24,21,17,2313959
24,21,18,814870
24,21,19,277398
24,21,20,1160345
24,21,21,294430
24,21,22,8076184
24,21,23,3017093
24,22,0,1989701
24,22,1,625915
24,22,2,1685393
24,22,3,948623
24,22,4,379528
24,22,5,4015731
24,22,6,1128056
24,22,7,298321
24,22,8,5333274
24,22,9,1854436
24,22,10,619707
24,22,11,256849
24,22,12,447489
24,22,13,134991
24,22,14,5587759
24,22,15,1665095
24,22,16,475373
24,22,17,4066371
24,22,18,1586241
24,22,19,548754
24,22,20,1163611
24,22,21,680568
24,22,22,170407
24,22,23,6090575
24,23,0,4002411
24,23,1,1289504
24,23,2,2852288
24,23,3,1752206
24,23,4,695096
24,23,5,276078
24,23,6,2496913
24,23,7,674983
24,23,8,175483
24,23,9,3594363
24,23,10,1235638
24,23,11,479830
24,23,12,1000202
24,23,13,284319
24,23,14,94359
24,23,15,3518990
24,23,16,1030854
24,23,17,6375624
24,23,18,2859567
24,23,19,1077554
24,23,20,366915
24,23,21,1561410
24,23,22,397873
24,23,23,98279
27,0,0,398253
27,0,1,95518
27,0,2,22343
27,0,3,3159425
27,0,4,932421
27,0,5,262836
27,0,6,2501430
27,0,7,1079167
27,0,8,411458
27,0,9,149808
27,0,10,888802
27,0,11,221548
27,0,12,53184
27,0,13,3926599
27,0,14,1294775
27,0,15,415721
27,0,16,394006
27,0,17,351246
27,0,18,149598
27,0,19,70322
27,0,20,1822520
27,0,21,488191
27,0,22,126117
27,0,23,3726906
27,0,24,1301738
27,0,25,437344
27,0,26,145637
27,1,0,918165
27,1,1,228263
27,1,2,54191
27,1,3,6611010
27,1,4,1983499
27,1,5,573349
27,1,6,4420444
27,1,7,1922387
27,1,8,770991
27,1,9,286949
27,1,10,2003374
27,1,11,517717
27,1,12,126830
27,1,13,7842902
27,1,14,2597230
27,1,15,847335
27,1,16,651274
27,1,17,644587
27,1,18,266747
27,1,19,120258
27,1,20,3922939
27,1,21,1095478
27,1,22,288932
27,1,23,7227751
27,1,24,2530133
27,1,25,871042
27,1,26,291128
27,2,0,194141
27,2,1,540976
27,2,2,130263
27,2,3,30718
27,2,4,4186955
27,2,5,1236208
27,2,6,349928
27,2,7,3337132
27,2,8,1433661
27,2,9,543898
27,2,10,197289
27,2,11,1197681
27,2,12,299478
27,2,13,72044
27,2,14,5212577
27,2,15,1718484
27,2,16,550643
27,2,17,566324
27,2,18,494091
27,2,19,209570
27,2,20,96672
27,2,21,2435780
27,2,22,654799
27,2,23,169874
27,2,24,4937490
27,2,25,1728433
27,2,26,581047
27,3,0,387529
27,3,1,129556
27,3,2,310528
27,3,3,74035
27,3,4,17483
27,3,5,2628007
27,3,6,762394
27,3,7,3202098
27,3,8,2478526
27,3,9,1021638
27,3,10,378893
27,3,11,133823
27,3,12,697877
27,3,13,171718
27,3,14,56298
27,3,15,3447435
27,3,16,1123859
27,3,17,560132
27,3,18,499560
27,3,19,374230
27,3,20,166567
27,3,21,77159
27,3,22,1465480
27,3,23,387944
27,3,24,3256971
27,3,25,3349680
27,3,26,1157121
27,4,0,773074
27,4,1,258806
27,4,2,735540
27,4,3,177181
27,4,4,42199
27,4,5,5548719
27,4,6,1639476
27,4,7,465477
27,4,8,4452379
27,4,9,1904494
27,4,10,719841
27,4,11,260203
27,4,12,1612908
27,4,13,404602
27,4,14,98189
27,4,15,6917672
27,4,16,2279343
27,4,17,729628
27,4,18,810535
27,4,19,689265
27,4,20,291573
27,4,21,132704
27,4,22,3252267
27,4,23,875969
27,4,24,228845
27,4,25,6540591
27,4,26,2294457
27,5,0,1537914
27,5,1,516727
27,5,2,172676
27,5,3,422029
27,5,4,101322
27,5,5,24402
27,5,6,3487171
27,5,7,1013075
27,5,8,281274
27,5,9,3296496
27,5,10,1354762
27,5,11,500298
27,5,12,176545
27,5,13,942688
27,5,14,233456
27,5,15,55915
27,5,16,4573341
27,5,17,1489886
27,5,18,470015
27,5,19,709869
27,5,20,522526
27,5,21,230092
27,5,22,104881
27,5,23,1959591
27,5,24,521209
27,5,25,133616
27,5,26,4444271
27,6,0,3002317
27,6,1,1029397
27,6,2,344942
27,6,3,115182
27,6,4,241929
27,6,5,58103
27,6,6,5016074
27,6,7,2172496
27,6,8,619076
27,6,9,5104666
27,6,10,2402264
27,6,11,952080
27,6,12,343231
27,6,13,139015
27,6,14,547384
27,6,15,133615
27,6,16,8035552
27,6,17,3006889
27,6,18,966695
27,6,19,1154200
27,6,20,620393
27,6,21,404446
27,6,22,181518
27,6,23,872088
27,6,24,1173162
27,6,25,307265
27,6,26,7789652
27,7,0,5892995
27,7,1,2045381
27,7,2,687788
27,7,3,230051
27,7,4,574275
27,7,5,138652
27,7,6,33891
27,7,7,4623117
27,7,8,1344870
27,7,9,374679
27,7,10,4381022
27,7,11,1795900
27,7,12,660533
27,7,13,232423
27,7,14,1271608
27,7,15,316157
27,7,16,75972
27,7,17,6066842
27,7,18,1975132
27,7,19,622702
27,7,20,1004708
27,7,21,727047
27,7,22,316191
27,7,23,141785
27,7,24,2620523
27,7,25,699221
27,7,26,179734
27,8,0,104040
27,8,1,3984937
27,8,2,1369721
27,8,3,459254
27,8,4,153334
27,8,5,330037
27,8,6,80149
27,8,7,20445
27,8,8,2882221
27,8,9,822959
27,8,10,224776
27,8,11,3186131
27,8,12,1258973
27,8,13,452564
27,8,14,155901
27,8,15,739434
27,8,16,181520
27,8,17,43089
27,8,18,3988719
27,8,19,1281471
27,8,20,397800
27,8,21,870314
27,8,22,557990
27,8,23,247349
27,8,24,108925
27,8,25,1571256
27,8,26,412848
27,9,0,241713
27,9,1,7816752
27,9,2,2685765
27,9,3,916155
27,9,4,306563
27,9,5,630825
27,9,6,190366
27,9,7,47312
27,9,8,5948416
27,9,9,1781856
27,9,10,499464
27,9,11,5823441
27,9,12,2284867
27,9,13,872236
27,9,14,306905
27,9,15,1659721
27,9,16,428228
27,9,17,103653
27,9,18,8049512
27,9,19,2606040
27,9,20,824754
27,9,21,1416164
27,9,22,795257
27,9,23,433327
27,9,24,191433
27,9,25,3424155
27,9,26,935980
27,10,0,554305
27,10,1,140284
27,10,2,5290807
27,10,3,1823071
27,10,4,611374
27,10,5,205171
27,10,6,450572
27,10,7,110772
27,10,8,29225
27,10,9,3825878
27,10,10,1095456
27,10,11,300188
27,10,12,4224154
27,10,13,1665794
27,10,14,597459
27,10,15,205771
27,10,16,1000365
27,10,17,246405
27,10,18,58945
27,10,19,5289850
27,10,20,1697870
27,10,21,527407
27,10,22,1215862
27,10,23,768885
27,10,24,336143
27,10,25,146202
27,10,26,2104194
27,11,0,1254746
27,11,1,325093
27,11,2,80554
27,11,3,3569633
27,11,4,1218770
27,11,5,406823
27,11,6,138272
27,11,7,260850
27,11,8,66225
27,11,9,19753
27,11,10,2368186
27,11,11,665286
27,11,12,1480729
27,11,13,3021289
27,11,14,1152936
27,11,15,405169
27,11,16,136931
27,11,17,579657
27,11,18,141050
27,11,19,33434
27,11,20,3455362
27,11,21,1093502
27,11,22,813657
27,11,23,1029567
27,11,24,592588
27,11,25,258242
27,11,26,110026
27,12,0,2818187
27,12,1,742989
27,12,2,188984
27,12,3,7027766
27,12,4,2419452
27,12,5,812963
27,12,6,274593
27,12,7,607344
27,12,8,153400
27,12,9,41688
27,12,10,5079171
27,12,11,1453487
27,12,12,400590
27,12,13,5599840
27,12,14,2203299
27,12,15,789573
27,12,16,271847
27,12,17,1350635
27,12,18,334157
27,12,19,80485
27,12,20,7015849
27,12,21,2243609
27,12,22,698495
27,12,23,1691992
27,12,24,1054563
27,12,25,455526
27,12,26,195912
27,13,0,146532
27,13,1,1681601
27,13,2,437334
27,13,3,109174
27,13,4,4741995
27,13,5,1621107
27,13,6,541207
27,13,7,186171
27,13,8,358314
27,13,9,92910
27,13,10,28630
27,13,11,3146502
27,13,12,886416
27,13,13,238970
27,13,14,3998025
27,13,15,1524504
27,13,16,534847
27,13,17,180862
27,13,18,783748
27,13,19,192396
27,13,20,45481
27,13,21,4579988
27,13,22,1449176
27,13,23,442405
27,13,24,1420288
27,13,25,807625
27,13,26,347558
27,14,0,262487
27,14,1,107723
27,14,2,996915
27,14,3,254943
27,14,4,6414406
27,14,5,3188012
27,14,6,1081857
27,14,7,364220
27,14,8,129368
27,14,9,212233
27,14,10,59527
27,14,11,718305
27,14,12,1933680
27,14,13,534745
27,14,14,6228752
27,14,15,2818042
27,14,16,1042956
27,14,17,359184
27,14,18,119667
27,14,19,453323
27,14,20,109552
27,14,21,5112029
27,14,22,2970403
27,14,23,925331
27,14,24,1911660
27,14,25,1171912
27,14,26,616523
27,15,0,468008
27,15,1,195319
27,15,2,2252759
27,15,3,587953
27,15,4,147616
27,15,5,6298062
27,15,6,2156541
27,15,7,719530
27,15,8,252028
27,15,9,492481
27,15,10,130029
27,15,11,41505
27,15,12,4182799
27,15,13,1180732
27,15,14,320515
27,15,15,5292559
27,15,16,2016336
27,15,17,706571
27,15,18,239513
27,15,19,1060790
27,15,20,260775
27,15,21,61864
27,15,22,6071693
27,15,23,1920116
27,15,24,586003
27,15,25,1954144
27,15,26,1098967
27,16,0,834324
27,16,1,351150
27,16,2,142847
27,16,3,1337363
27,16,4,343914
27,16,5,85091
27,16,6,4236887
27,16,7,1438690
27,16,8,476916
27,16,9,178072
27,16,10,294052
27,16,11,84837
27,16,12,31605
27,16,13,2572359
27,16,14,714012
27,16,15,189907
27,16,16,3726651
27,16,17,1379011
27,16,18,475236
27,16,19,159077
27,16,20,614323
27,16,21,148845
27,16,22,34951
27,16,23,3936889
27,16,24,1225699
27,16,25,367530
27,16,26,1599614
27,17,0,1285574
27,17,1,628822
27,17,2,259919
27,17,3,2734038
27,17,4,789432
27,17,5,199554
27,17,6,8340807
27,17,7,2841184
27,17,8,956615
27,17,9,343234
27,17,10,183090
27,17,11,182898
27,17,12,59902
27,17,13,5393440
27,17,14,1570150
27,17,15,427828
27,17,16,7009144
27,17,17,2592387
27,17,18,934386
27,17,19,317454
27,17,20,923392
27,17,21,353340
27,17,22,84548
27,17,23,7718982
27,17,24,2533696
27,17,25,775580
27,17,26,2680899
27,18,0,2179455
27,18,1,1126856
27,18,2,469567
27,18,3,189241
27,18,4,1796237
27,18,5,462841
27,18,6,115272
27,18,7,5630572
27,18,8,1912637
27,18,9,633746
27,18,10,246575
27,18,11,408932
27,18,12,121026
27,18,13,45811
27,18,14,3422448
27,18,15,952597
27,18,16,254460
27,18,17,4928646
27,18,18,1823415
27,18,19,629003
27,18,20,211021
27,18,21,830997
27,18,22,202598
27,18,23,48037
27,18,24,5217294
27,18,25,1623657
27,18,26,486863
27,19,0,444319
27,19,1,1740210
27,19,2,844872
27,19,3,346202
27,19,4,135131
27,19,5,1061254
27,19,6,269670
27,19,7,65877
27,19,8,3774760
27,19,9,1271829
27,19,10,419615
27,19,11,186948
27,19,12,257272
27,19,13,86057
27,19,14,37214
27,19,15,2091680
27,19,16,571793
27,19,17,150650
27,19,18,3425009
27,19,19,1237005
27,19,20,420556
27,19,21,140066
27,19,22,479385
27,19,23,115627
27,19,24,27116
27,19,25,3358107
27,19,26,1028413
27,20,0,644351
27,20,1,2963830
27,20,2,1509045
27,20,3,628043
27,20,4,250493
27,20,5,2409750
27,20,6,622719
27,20,7,155845
27,20,8,7479956
27,20,9,2524440
27,20,10,841678
27,20,11,343539
27,20,12,561242
27,20,13,171629
27,20,14,65890
27,20,15,4555839
27,20,16,1268009
27,20,17,341307
27,20,18,6519171
27,20,19,2394152
27,20,20,832606
27,20,21,280337
27,20,22,1108363
27,20,23,275136
27,20,24,65752
27,20,25,6914593
27,20,26,2144626
27,21,0,1362364
27,21,1,400083
27,21,2,2350982
27,21,3,1134781
27,21,4,459867
27,21,5,178628
27,21,6,1426136
27,21,7,363466
27,21,8,89146
27,21,9,5016589
27,21,10,1689586
27,21,11,554322
27,21,12,265472
27,21,13,360896
27,21,14,123261
27,21,15,53269
27,21,16,2786570
27,21,17,764636
27,21,18,202516
27,21,19,4529597
27,21,20,1637281
27,21,21,557529
27,21,22,186165
27,21,23,650529
27,21,24,157875
27,21,25,37276
27,21,26,4449269
27,22,0,2841309
27,22,1,853956
27,22,2,2810454
27,22,3,1832348
27,22,4,838098
27,22,5,331790
27,22,6,124933
27,22,7,837773
27,22,8,210392
27,22,9,4343610
27,22,10,3351053
27,22,11,1117207
27,22,12,435424
27,22,13,218142
27,22,14,243527
27,22,15,94311
27,22,16,44209
27,22,17,1691935
27,22,18,457256
27,22,19,5275766
27,22,20,3117149
27,22,21,1102924
27,22,22,371903
27,22,23,123428
27,22,24,374564
27,22,25,90063
27,22,26,830577
27,23,0,5896707
27,23,1,1804379
27,23,2,530492
27,23,3,3172459
27,23,4,1521606
27,23,5,611041
27,23,6,235553
27,23,7,1915153
27,23,8,489878
27,23,9,120826
27,23,10,6662898
27,23,11,2243749
27,23,12,735215
27,23,13,378570
27,23,14,505834
27,23,15,175299
27,23,16,75711
27,23,17,3712817
27,23,18,1021999
27,23,19,271458
27,23,20,5993263
27,23,21,2167564
27,23,22,739135
27,23,23,247380
27,23,24,882810
27,23,25,214788
27,23,26,51261
27,24,0,29036
27,24,1,3764743
27,24,2,1132499
27,24,3,325657
27,24,4,2460260
27,24,5,1118217
27,24,6,439503
27,24,7,164690
27,24,8,1127554
27,24,9,284116
27,24,10,68870
27,24,11,4449209
27,24,12,1483290
27,24,13,481597
27,24,14,314924
27,24,15,343513
27,24,16,134319
27,24,17,62045
27,24,18,2258755
27,24,19,612038
27,24,20,160212
27,24,21,4123191
27,24,22,1461336
27,24,23,493791
27,24,24,164472
27,24,25,508957
27,24,26,123110
27,25,0,70183
27,25,1,7385806
27,25,2,2384164
27,25,3,703226
27,25,4,4277036
27,25,5,1873662
27,25,6,812302
27,25,7,311146
27,25,8,1093375
27,25,9,659665
27,25,10,163594
27,25,11,8302649
27,25,12,2957115
27,25,13,975720
27,25,14,540658
27,25,15,273152
27,25,16,248674
27,25,17,106813
27,25,18,4170609
27,25,19,1363436
27,25,20,364513
27,25,21,7089202
27,25,22,2814069
27,25,23,980846
27,25,24,328834
27,25,25,179130
27,25,26,292743
27,26,0,167754
27,26,1,39809
27,26,2,4989281
27,26,3,1500685
27,26,4,431991
27,26,5,3299239
27,26,6,1491355
27,26,7,581888
27,26,8,217514
27,26,9,1517254
27,26,10,383609
27,26,11,93703
27,26,12,5907060
27,26,13,1969029
27,26,14,638694
27,26,15,453534
27,26,16,484758
27,26,17,189790
27,26,18,86439
27,26,19,3011977
27,26,20,820194
27,26,21,214846
27,26,22,5458818
27,26,23,1938681
27,26,24,655684
27,26,25,218910
27,26,26,692101
36,0,0,8026731
36,0,1,2600804
36,0,2,821294
36,0,3,251600
36,0,4,74880
36,0,5,22360
36,0,6,24183
36,0,7,7431
36,0,8,4231
36,0,9,3292
36,0,10,839684
36,0,11,206015
36,0,12,48784
36,0,13,11213
36,0,14,3697765
36,0,15,1280453
36,0,16,433163
36,0,17,144851
36,0,18,48448
36,0,19,129956
36,0,20,28815
36,0,21,6422
36,0,22,1387
36,0,23,3400817
36,0,24,939087
36,0,25,248288
36,0,26,63047
36,0,27,2055053
36,0,28,978585
36,0,29,439648
36,0,30,182861
36,0,31,70792
36,0,32,553489
36,0,33,163426
36,0,34,36330
36,0,35,7681
36,1,0,4230
36,1,1,5276999
36,1,2,1687944
36,1,3,525529
36,1,4,157902
36,1,5,47260
36,1,6,17917
36,1,7,15500
36,1,8,6714
36,1,9,4689
36,1,10,1905426
36,1,11,486132
36,1,12,117289
36,1,13,27451
36,1,14,7160181
36,1,15,2510813
36,1,16,859753
36,1,17,288946
36,1,18,96807
36,1,19,32357
36,1,20,72051
36,1,21,16081
36,1,22,3547
36,1,23,758
36,1,24,2072990
36,1,25,561192
36,1,26,145786
36,1,27,179193
36,1,28,1664056
36,1,29,770024
36,1,30,329860
36,1,31,131749
36,1,32,49208
36,1,33,397934
36,1,34,90825
36,1,35,19799
36,2,0,10883
36,2,1,2276
36,2,2,3448179
36,2,3,1088634
36,2,4,332938
36,2,5,98079
36,2,6,30964
36,2,7,35278
36,2,8,11876
36,2,9,6905
36,2,10,5236
36,2,11,1133412
36,2,12,279127
36,2,13,66382
36,2,14,15353
36,2,15,4898291
36,2,16,1695827
36,2,17,575098
36,2,18,193031
36,2,19,64622
36,2,20,167232
36,2,21,40122
36,2,22,8941
36,2,23,1927
36,2,24,4524957
36,2,25,1252080
36,2,26,332903
36,2,27,85051
36,2,28,2799176
36,2,29,1317484
36,2,30,586716
36,2,31,241620
36,2,32,93152
36,2,33,33651
36,2,34,223552
36,2,35,50146
36,3,0,27511
36,3,1,5893
36,3,2,6998309
36,3,3,2237692
36,3,4,695855
36,3,5,209052
36,3,6,64303
36,3,7,22350
36,3,8,23543
36,3,9,10835
36,3,10,7540
36,3,11,5604
36,3,12,656615
36,3,13,159237
36,3,14,37509
36,3,15,3166149
36,3,16,3327310
36,3,17,1141322
36,3,18,384440
36,3,19,128933
36,3,20,42942
36,3,21,99773
36,3,22,22380
36,3,23,4916
36,3,24,999
36,3,25,2760317
36,3,26,749907
36,3,27,195988
36,3,28,48840
36,3,29,2250341
36,3,30,1023856
36,3,31,437140
36,3,32,173903
36,3,33,64672
36,3,34,535067
36,3,35,124856
36,4,0,69116
36,4,1,15037
36,4,2,3169
36,4,3,4570123
36,4,4,1441652
36,4,5,440945
36,4,6,129567
36,4,7,43888
36,4,8,50832
36,4,9,18653
36,4,10,11168
36,4,11,8108
36,4,12,1528767
36,4,13,378522
36,4,14,90663
36,4,15,21175
36,4,16,6487928
36,4,17,2249792
36,4,18,764735
36,4,19,257145
36,4,20,85985
36,4,21,28333
36,4,22,55613
36,4,23,12310
36,4,24,2571
36,4,25,547
36,4,26,1669905
36,4,27,445835
36,4,28,114144
36,4,29,2592647
36,4,30,1771771
36,4,31,781135
36,4,32,319532
36,4,33,122513
36,4,34,44117
36,4,35,305746
36,5,0,171031
36,5,1,38023
36,5,2,8141
36,5,3,5088189
36,5,4,2964822
36,5,5,921555
36,5,6,276597
36,5,7,84776
36,5,8,33454
36,5,9,35716
36,5,10,17357
36,5,11,11817
36,5,12,8358
36,5,13,888502
36,5,14,216988
36,5,15,51392
36,5,16,11722
36,5,17,4414043
36,5,18,1515097
36,5,19,512331
36,5,20,171744
36,5,21,57095
36,5,22,137632
36,5,23,30727
36,5,24,6681
36,5,25,1384
36,5,26,3676254
36,5,27,1002606
36,5,28,262730
36,5,29,65849
36,5,30,3039255
36,5,31,1366761
36,5,32,579991
36,5,33,229031
36,5,34,84880
36,5,35,29645
36,6,0,418012
36,6,1,94853
36,6,2,20847
36,6,3,4353
36,6,4,6058175
36,6,5,1909518
36,6,6,583941
36,6,7,171732
36,6,8,63048
36,6,9,29751
36,6,10,29275
36,6,11,17594
36,6,12,12289
36,6,13,28934
36,6,14,513285
36,6,15,123595
36,6,16,28846
36,6,17,7718668
36,6,18,2985193
36,6,19,1017641
36,6,20,342549
36,6,21,114468
36,6,22,37677
36,6,23,76558
36,6,24,16955
36,6,25,3593
36,6,26,748
36,6,27,2228468
36,6,28,596481
36,6,29,153669
36,6,30,37766
36,6,31,2379906
36,6,32,1040197
36,6,33,422615
36,6,34,161207
36,6,35,57949
36,7,0,38870
36,7,1,234188
36,7,2,52491
36,7,3,11351
36,7,4,2360
36,7,5,3929183
36,7,6,1220341
36,7,7,366435
36,7,8,105293
36,7,9,50823
36,7,10,54470
36,7,11,27447
36,7,12,18174
36,7,13,12259
36,7,14,1200856
36,7,15,294498
36,7,16,69910
36,7,17,16010
36,7,18,5852295
36,7,19,2011507
36,7,20,681465
36,7,21,228547
36,7,22,75801
36,7,23,24930
36,7,24,42563
36,7,25,9261
36,7,26,1932
36,7,27,4119959
36,7,28,1338863
36,7,29,352823
36,7,30,88913
36,7,31,4100829
36,7,32,1825634
36,7,33,769350
36,7,34,302039
36,7,35,111857
36,8,0,76277
36,8,1,76878
36,8,2,130590
36,8,3,28875
36,8,4,6142
36,8,5,7700387
36,8,6,2529345
36,8,7,772664
36,8,8,227628
36,8,9,92176
36,8,10,47131
36,8,11,45711
36,8,12,27303
36,8,13,18338
36,8,14,11727
36,8,15,694610
36,8,16,168238
36,8,17,39378
36,8,18,8897
36,8,19,3961798
36,8,20,1353002
36,8,21,455916
36,8,22,151933
36,8,23,50280
36,8,24,105631
36,8,25,23367
36,8,26,5064
36,8,27,1022
36,8,28,2970563
36,8,29,799257
36,8,30,206196
36,8,31,51156
36,8,32,3192451
36,8,33,1373612
36,8,34,558606
36,8,35,212588
36,9,0,147201
36,9,1,51186
36,9,2,321170
36,9,3,72463
36,9,4,15792
36,9,5,3260
36,9,6,5206825
36,9,7,1615653
36,9,8,485255
36,9,9,139351
36,9,10,77985
36,9,11,48629
36,9,12,42547
36,9,13,27441
36,9,14,17827
36,9,15,1566879
36,9,16,400287
36,9,17,95496
36,9,18,22076
36,9,19,7762073
36,9,20,2672683
36,9,21,907249
36,9,22,303910
36,9,23,101020
36,9,24,33063
36,9,25,58593
36,9,26,12854
36,9,27,2732
36,9,28,516
36,9,29,1789300
36,9,30,472576
36,9,31,119909
36,9,32,29245
36,9,33,2437495
36,9,34,1020007
36,9,35,398831
36,10,0,280137
36,10,1,100247
36,10,2,33932
36,10,3,179472
36,10,4,39785
36,10,5,8550
36,10,6,1763
36,10,7,3352144
36,10,8,1024389
36,10,9,300681
36,10,10,86310
36,10,11,74628
36,10,12,70120
36,10,13,41632
36,10,14,26958
36,10,15,16596
36,10,16,941528
36,10,17,228730
36,10,18,53866
36,10,19,12184
36,10,20,5259542
36,10,21,1797605
36,10,22,606508
36,10,23,202342
36,10,24,66695
36,10,25,79686
36,10,26,32430
36,10,27,7046
36,10,28,1442
36,10,29,3866502
36,10,30,1069451
36,10,31,277526
36,10,32,69408
36,10,33,4278137
36,10,34,1826279
36,10,35,738566
36,11,0,526339
36,11,1,193664
36,11,2,67407
36,11,3,432444
36,11,4,99459
36,11,5,21855
36,11,6,4596
36,11,7,6900152
36,11,8,2141309
36,11,9,642219
36,11,10,184783
36,11,11,120050
36,11,12,76868
36,11,13,64957
36,11,14,40820
36,11,15,25635
36,11,16,14820
36,11,17,542706
36,11,18,130048
36,11,19,30226
36,11,20,6612
36,11,21,3551806
36,11,22,1206197
36,11,23,404168
36,11,24,134162
36,11,25,43626
36,11,26,81139
36,11,27,17801
36,11,28,3800
36,11,29,752
36,11,30,2390971
36,11,31,633842
36,11,32,161691
36,11,33,39542
36,11,34,3251747
36,11,35,1344076
36,12,0,976951
36,12,1,369398
36,12,2,131916
36,12,3,44707
36,12,4,245786
36,12,5,55089
36,12,6,11854
36,12,7,2501
36,12,8,4441116
36,12,9,1356323
36,12,10,398946
36,12,11,111955
36,12,12,116792
36,12,13,101264
36,12,14,62481
36,12,15,39207
36,12,16,23349
36,12,17,1273086
36,12,18,310986
36,12,19,73610
36,12,20,16650
36,12,21,6985195
36,12,22,2389123
36,12,23,806102
36,12,24,268961
36,12,25,88404
36,12,26,28439
36,12,27,44708
36,12,28,9764
36,12,29,2006
36,12,30,385
36,12,31,1430694
36,12,32,372828
36,12,33,93609
36,12,34,3013028
36,12,35,2427859
36,13,0,1782211
36,13,1,695295
36,13,2,255131
36,13,3,88813
36,13,4,29427
36,13,5,136920
36,13,6,30293
36,13,7,6471
36,13,8,810858
36,13,9,2836827
36,13,10,850989
36,13,11,244943
36,13,12,139675
36,13,13,120155
36,13,14,98032
36,13,15,59920
36,13,16,36380
36,13,17,20479
36,13,18,734694
36,13,19,177564
36,13,20,41135
36,13,21,9046
36,13,22,4717746
36,13,23,1601893
36,13,24,537569
36,13,25,177862
36,13,26,57890
36,13,27,110647
36,13,28,24734
36,13,29,5259
36,13,30,1081
36,13,31,3191856
36,13,32,849673
36,13,33,217990
36,13,34,53320
36,13,35,4338663
36,14,0,3228617
36,14,1,1292564
36,14,2,487065
36,14,3,173861
36,14,4,59095
36,14,5,336293
36,14,6,75900
36,14,7,16670
36,14,8,3508
36,14,9,5885611
36,14,10,1796234
36,14,11,528883
36,14,12,148612
36,14,13,181599
36,14,14,124422
36,14,15,92619
36,14,16,56398
36,14,17,32611
36,14,18,17241
36,14,19,422304
36,14,20,100234
36,14,21,22666
36,14,22,6356714
36,14,23,3174250
36,14,24,1072266
36,14,25,356984
36,14,26,116973
36,14,27,37507
36,14,28,61918
36,14,29,13474
36,14,30,2835
36,14,31,558
36,14,32,1913367
36,14,33,501061
36,14,34,125975
36,14,35,30064
36,15,0,4953053
36,15,1,2362158
36,15,2,918135
36,15,3,336226
36,15,4,116864
36,15,5,38732
36,15,6,187678
36,15,7,42085
36,15,8,9020
36,15,9,1935
36,15,10,3758538
36,15,11,1128057
36,15,12,324730
36,15,13,88922
36,15,14,185099
36,15,15,145826
36,15,16,87247
36,15,17,51377
36,15,18,28151
36,15,19,995669
36,15,20,241054
36,15,21,55941
36,15,22,12450
36,15,23,6264966
36,15,24,2129908
36,15,25,714308
36,15,26,235868
36,15,27,76463
36,15,28,24053
36,15,29,34219
36,15,30,7274
36,15,31,1482
36,15,32,791230
36,15,33,1138468
36,15,34,292953
36,15,35,72186
36,16,0,40741
36,16,1,4290432
36,16,2,1702341
36,16,3,642256
36,16,4,228742
36,16,5,77668
36,16,6,25287
36,16,7,104638
36,16,8,23081
36,16,9,4907
36,16,10,7370487
36,16,11,2380692
36,16,12,700865
36,16,13,197113
36,16,14,279919
36,16,15,188548
36,16,16,135918
36,16,17,80464
36,16,18,45224
36,16,19,23464
36,16,20,572996
36,16,21,136331
36,16,22,31012
36,16,23,6849
36,16,24,4218246
36,16,25,1425264
36,16,26,474088
36,16,27,155150
36,16,28,49437
36,16,29,85444
36,16,30,18615
36,16,31,3873
36,16,32,804
36,16,33,2558908
36,16,34,672597
36,16,35,169713
36,17,0,97206
36,17,1,22686
36,17,2,3132635
36,17,3,1212282
36,17,4,442760
36,17,5,153939
36,17,6,51169
36,17,7,258169
36,17,8,58056
36,17,9,12544
36,17,10,2635
36,17,11,4980689
36,17,12,1494257
36,17,13,430636
36,17,14,118391
36,17,15,281856
36,17,16,188458
36,17,17,125857
36,17,18,71932
36,17,19,38527
36,17,20,836786
36,17,21,327237
36,17,22,76444
36,17,23,17179
36,17,24,8296059
36,17,25,2830757
36,17,26,949319
36,17,27,313092
36,17,28,101121
36,17,29,31773
36,17,30,47079
36,17,31,10077
36,17,32,2071
36,17,33,429
36,17,34,1525148
36,17,35,393969
36,18,0,228556
36,18,1,54897
36,18,2,5702483
36,18,3,2252043
36,18,4,847052
36,18,5,301688
36,18,6,102465
36,18,7,33457
36,18,8,144127
36,18,9,31781
36,18,10,6760
36,18,11,1465
36,18,12,3154533
36,18,13,929052
36,18,14,261916
36,18,15,70158
36,18,16,282413
36,18,17,197752
36,18,18,113898
36,18,19,62456
36,18,20,31684
36,18,21,776018
36,18,22,185694
36,18,23,42648
36,18,24,9326
36,18,25,5605135
36,18,26,1892171
36,18,27,629762
36,18,28,205675
36,18,29,65530
36,18,30,21624
36,18,31,25682
36,18,32,5396
36,18,33,1108
36,18,34,3341906
36,18,35,902313
36,19,0,529343
36,19,1,131302
36,19,2,30893
36,19,3,4152259
36,19,4,1595371
36,19,5,583829
36,19,6,202989
36,19,7,67589
36,19,8,317219
36,19,9,79920
36,19,10,17327
36,19,11,3677
36,19,12,6599128
36,19,13,1980612
36,19,14,571300
36,19,15,157955
36,19,16,424514
36,19,17,277348
36,19,18,179782
36,19,19,100478
36,19,20,52484
36,19,21,25184
36,19,22,444467
36,19,23,104634
36,19,24,23538
36,19,25,5108
36,19,26,3760442
36,19,27,1261527
36,19,28,415686
36,19,29,134229
36,19,30,42099
36,19,31,64908
36,19,32,13951
36,19,33,2938
36,19,34,559
36,19,35,2043088
36,20,0,1210311
36,20,1,307806
36,20,2,74676
36,20,3,1319054
36,20,4,2979148
36,20,5,1117941
36,20,6,397779
36,20,7,135493
36,20,8,44434
36,20,9,197942
36,20,10,44126
36,20,11,9409
36,20,12,2078
36,20,13,4180145
36,20,14,1230935
36,20,15,348522
36,20,16,93725
36,20,17,418726
36,20,18,266342
36,20,19,160554
36,20,20,85912
36,20,21,42666
36,20,22,1035136
36,20,23,252667
36,20,24,58536
36,20,25,12976
36,20,26,7445392
36,20,27,2514432
36,20,28,836121
36,20,29,272684
36,20,30,86854
36,20,31,26743
36,20,32,35622
36,20,33,7605
36,20,34,1537
36,20,35,267
36,21,0,2737113
36,21,1,711332
36,21,2,177385
36,21,3,42333
36,21,4,5504071
36,21,5,2107326
36,21,6,770536
36,21,7,267928
36,21,8,89475
36,21,9,29236
36,21,10,110202
36,21,11,24119
36,21,12,5190
36,21,13,1183
36,21,14,2623844
36,21,15,759361
36,21,16,210045
36,21,17,260303
36,21,18,404206
36,21,19,255545
36,21,20,139435
36,21,21,71317
36,21,22,33657
36,21,23,603596
36,21,24,143034
36,21,25,32489
36,21,26,7062
36,21,27,4996828
36,21,28,1674074
36,21,29,551352
36,21,30,177685
36,21,31,55671
36,21,32,88252
36,21,33,19433
36,21,34,4128
36,21,35,788
36,22,0,363
36,22,1,1622893
36,22,2,414680
36,22,3,101459
36,22,4,23703
36,22,5,3941549
36,22,6,1473622
36,22,7,524574
36,22,8,178822
36,22,9,59107
36,22,10,268719
36,22,11,60939
36,22,12,13235
36,22,13,2954
36,22,14,5539139
36,22,15,1634203
36,22,16,463332
36,22,17,125005
36,22,18,615369
36,22,19,379101
36,22,20,224824
36,22,21,117821
36,22,22,57413
36,22,23,25622
36,22,24,344335
36,22,25,80328
36,22,26,17867
36,22,27,4296514
36,22,28,3339962
36,22,29,1109527
36,22,30,361024
36,22,31,114841
36,22,32,35544
36,22,33,49340
36,22,34,10659
36,22,35,2170
36,23,0,1069
36,23,1,172
36,23,2,955249
36,23,3,239722
36,23,4,57569
36,23,5,6100160
36,23,6,2784966
36,23,7,1016626
36,23,8,353757
36,23,9,118649
36,23,10,39081
36,23,11,151632
36,23,12,33673
36,23,13,7419
36,23,14,1625
36,23,15,3481129
36,23,16,1008313
36,23,17,279555
36,23,18,73622
36,23,19,584135
36,23,20,360785
36,23,21,192816
36,23,22,96680
36,23,23,44663
36,23,24,820012
36,23,25,195020
36,23,26,44764
36,23,27,9709
36,23,28,6636156
36,23,29,2222178
36,23,30,730995
36,23,31,235453
36,23,32,73875
36,23,33,22260
36,23,34,26990
36,23,35,5663
36,24,0,2942
36,24,1,535
36,24,2,2175138
36,24,3,558472
36,24,4,137561
36,24,5,32595
36,24,6,5216723
36,24,7,1942683
36,24,8,692360
36,24,9,236720
36,24,10,78650
36,24,11,25827
36,24,12,84227
36,24,13,18641
36,24,14,4058
36,24,15,5002410
36,24,16,2168256
36,24,17,615891
36,24,18,166826
36,24,19,896531
36,24,20,540198
36,24,21,313192
36,24,22,160923
36,24,23,76788
36,24,24,33915
36,24,25,468185
36,24,26,109913
36,24,27,24666
36,24,28,5210
36,24,29,4434009
36,24,30,1472267
36,24,31,479350
36,24,32,152313
36,24,33,46797
36,24,34,68273
36,24,35,14664
36,25,0,7829
36,25,1,1527
36,25,2,307
36,25,3,1282699
36,25,4,323987
36,25,5,78506
36,25,6,18141
36,25,7,3682000
36,25,8,1342225
36,25,9,467739
36,25,10,157628
36,25,11,52032
36,25,12,208728
36,25,13,46602
36,25,14,10277
36,25,15,2206
36,25,16,4614382
36,25,17,1337947
36,25,18,372092
36,25,19,98400
36,25,20,838719
36,25,21,484914
36,25,22,265243
36,25,23,130554
36,25,24,59497
36,25,25,94906
36,25,26,266161
36,25,27,61398
36,25,28,13453
36,25,29,8266251
36,25,30,2948665
36,25,31,969896
36,25,32,312197
36,25,33,97548
36,25,34,29442
36,25,35,37524
36,26,0,20371
36,26,1,4140
36,26,2,823
36,26,3,2631828
36,26,4,751729
36,26,5,186346
36,26,6,44330
36,26,7,6907231
36,26,8,2566114
36,26,9,914640
36,26,10,313483
36,26,11,104679
36,26,12,34277
36,26,13,115858
36,26,14,25928
36,26,15,5625
36,26,16,1233
36,26,17,2875813
36,26,18,818126
36,26,19,222543
36,26,20,57319
36,26,21,764700
36,26,22,433928
36,26,23,219045
36,26,24,102926
36,26,25,44986
36,26,26,637383
36,26,27,149998
36,26,28,33973
36,26,29,7282
36,26,30,5886411
36,26,31,1952653
36,26,32,635578
36,26,33,201803
36,26,34,61858
36,26,35,18290
36,27,0,51809
36,27,1,10902
36,27,2,2189
36,27,3,505
36,27,4,1724454
36,27,5,436595
36,27,6,106762
36,27,7,24927
36,27,8,4868389
36,27,9,1767645
36,27,10,618476
36,27,11,208939
36,27,12,69207
36,27,13,74307
36,27,14,64377
36,27,15,14310
36,27,16,3056
36,27,17,5935617
36,27,18,1776546
36,27,19,495626
36,27,20,131562
36,27,21,1196966
36,27,22,677257
36,27,23,363875
36,27,24,175961
36,27,25,79307
36,27,26,33077
36,27,27,362475
36,27,28,83751
36,27,29,18485
36,27,30,3852
36,27,31,3915017
36,27,32,1286622
36,27,33,414071
36,27,34,128948
36,27,35,38844
36,28,0,24222
36,28,1,28297
36,28,2,5819
36,28,3,1233
36,28,4,419
36,28,5,1011755
36,28,6,252368
36,28,7,60533
36,28,8,13881
36,28,9,3389634
36,28,10,1209541
36,28,11,414954
36,28,12,139016
36,28,13,45672
36,28,14,159630
36,28,15,35771
36,28,16,7791
36,28,17,1703
36,28,18,3816271
36,28,19,1088056
36,28,20,296909
36,28,21,77131
36,28,22,1076461
36,28,23,583389
36,28,24,297455
36,28,25,137943
36,28,26,59497
36,28,27,844798
36,28,28,204607
36,28,29,46368
36,28,30,10033
36,28,31,7814926
36,28,32,2590787
36,28,33,843005
36,28,34,266875
36,28,35,81815
36,29,0,51611
36,29,1,52000
36,29,2,15211
36,29,3,3155
36,29,4,813
36,29,5,2315332
36,29,6,589239
36,29,7,144720
36,29,8,34046
36,29,9,6438159
36,29,10,2336739
36,29,11,817957
36,29,12,277406
36,29,13,92104
36,29,14,30346
36,29,15,88983
36,29,16,19723
36,29,17,4286
36,29,18,942
36,29,19,2360218
36,29,20,659582
36,29,21,176130
36,29,22,524250
36,29,23,942066
36,29,24,497676
36,29,25,237149
36,29,26,105573
36,29,27,43625
36,29,28,492861
36,29,29,114449
36,29,30,25431
36,29,31,5324
36,29,32,5196807
36,29,33,1706103
36,29,34,548273
36,29,35,170852
36,30,0,108671
36,30,1,32111
36,30,2,39331
36,30,3,8182
36,30,4,1867
36,30,5,775
36,30,6,1361241
36,30,7,340885
36,30,8,82195
36,30,9,19189
36,30,10,4482239
36,30,11,1595414
36,30,12,549711
36,30,13,184701
36,30,14,61106
36,30,15,218139
36,30,16,49276
36,30,17,10797
36,30,18,2336
36,30,19,5064922
36,30,20,1446297
36,30,21,395847
36,30,22,103018
36,30,23,1507910
36,30,24,802721
36,30,25,402875
36,30,26,184522
36,30,27,78907
36,30,28,31241
36,30,29,278767
36,30,30,63538
36,30,31,13749
36,30,32,18232
36,30,33,3438590
36,30,34,1117714
36,30,35,353507
36,31,0,226404
36,31,1,68343
36,31,2,19768
36,31,3,21241
36,31,4,4568
36,31,5,1385
36,31,6,937
36,31,7,794028
36,31,8,195866
36,31,9,46569
36,31,10,5167340
36,31,11,3089690
36,31,12,1082491
36,31,13,367883
36,31,14,122722
36,31,15,40623
36,31,16,122871
36,31,17,27218
36,31,18,5921
36,31,19,1318
36,31,20,3134644
36,31,21,877966
36,31,22,234927
36,31,23,59852
36,31,24,1305086
36,31,25,676889
36,31,26,318643
36,31,27,140503
36,31,28,57562
36,31,29,670994
36,31,30,156221
36,31,31,34957
36,31,32,7378
36,31,33,6896056
36,31,34,2262905
36,31,35,726346
36,32,0,468236
36,32,1,143713
36,32,2,42544
36,32,3,53906
36,32,4,11644
36,32,5,2934
36,32,6,1393
36,32,7,1830171
36,32,8,460948
36,32,9,111773
36,32,10,26174
36,32,11,5929686
36,32,12,2109891
36,32,13,728268
36,32,14,245336
36,32,15,81520
36,32,16,27180
36,32,17,68181
36,32,18,15010
36,32,19,3314
36,32,20,697414
36,32,21,1923246
36,32,22,527981
36,32,23,138504
36,32,24,1668701
36,32,25,1100475
36,32,26,544456
36,32,27,246850
36,32,28,104460
36,32,29,41081
36,32,30,379436
36,32,31,87059
36,32,32,19109
36,32,33,3988
36,32,34,4561208
36,32,35,1480586
36,33,0,962019
36,33,1,299593
36,33,2,90488
36,33,3,26327
36,33,4,29781
36,33,5,6809
36,33,6,2380
36,33,7,1689
36,33,8,1070362
36,33,9,265223
36,33,10,63345
36,33,11,14735
36,33,12,4086091
36,33,13,1432681
36,33,14,488091
36,33,15,163438
36,33,16,54416
36,33,17,169060
36,33,18,37775
36,33,19,8290
36,33,20,1841
36,33,21,4165423
36,33,22,1168758
36,33,23,314895
36,33,24,80455
36,33,25,1801725
36,33,26,904646
36,33,27,428390
36,33,28,186828
36,33,29,76014
36,33,30,28567
36,33,31,213591
36,33,32,48066
36,33,33,10338
36,33,34,8006091
36,33,35,3000132
36,34,0,1961947
36,34,1,620250
36,34,2,190044
36,34,3,56329
36,34,4,16315
36,34,5,16719
36,34,6,4659
36,34,7,2482
36,34,8,981683
36,34,9,622110
36,34,10,151790
36,34,11,35821
36,34,12,7003704
36,34,13,2792587
36,34,14,965611
36,34,15,325889
36,34,16,108805
36,34,17,36284
36,34,18,94241
36,34,19,20791
36,34,20,4595
36,34,21,1007
36,34,22,2557256
36,34,23,704390
36,34,24,185346
36,34,25,46570
36,34,26,1505393
36,34,27,735570
36,34,28,329533
36,34,29,138261
36,34,30,53889
36,34,31,517063
36,34,32,119106
36,34,33,26325
36,34,34,5482
36,34,35,6050263
36,35,0,3979334
36,35,1,1274957
36,35,2,396486
36,35,3,119374
36,35,4,35039
36,35,5,42014
36,35,6,10197
36,35,7,4071
36,35,8,2865
36,35,9,1442362
36,35,10,358888
36,35,11,86420
36,35,12,20098
36,35,13,5408851
36,35,14,1894939
36,35,15,647681
36,35,16,217350
36,35,17,72573
36,35,18,24238
36,35,19,52191
36,35,20,11465
36,35,21,2557
36,35,22,5368169
36,35,23,1556910
36,35,24,420106
36,35,25,108373
36,35,26,2479606
36,35,27,1228144
36,35,28,574431
36,35,29,248122
36,35,30,100022
36,35,31,37433
36,35,32,291402
36,35,33,66033
36,35,34,14176
36,35,35,2961
